,finance_balance,margin_balance,currency,north_money,north_money_net,rate
2017-01-03,9357.5,33.7,6.9498,21.0481,-0.5628999999999991,0.0098
2017-01-04,9345.1,34.4,6.9526,25.2576,-8.2966,0.0001
2017-01-05,9328.2,36.3,6.9307,25.504199999999997,-3.9239999999999995,-0.006500000000000001
2017-01-06,9293.7,34.4,6.8668,20.877299999999998,-15.701,0.0048
2017-01-09,9293.9,37.4,6.9262,24.3805,-0.6541999999999977,-0.0026
2017-01-10,9277.4,37.8,6.9234,22.9176,2.543199999999999,-0.009000000000000001
2017-01-11,9255.0,38.8,6.9235,31.918599999999998,16.8608,-0.0072
2017-01-12,9234.5,37.8,6.9141,26.6946,12.285,-0.0087
2017-01-13,9164.4,37.6,6.8909,31.6422,12.052999999999999,-0.02
2017-01-16,8987.4,40.0,6.8874,31.481499999999997,-8.083000000000004,0.0067
2017-01-17,8972.7,38.9,6.8992,27.3548,10.545800000000002,-0.0003
2017-01-18,8940.1,39.6,6.8525,32.1304,13.913599999999999,-0.0036
2017-01-19,8920.9,37.8,6.8568,27.063499999999998,10.6391,0.0118
2017-01-20,8886.5,34.2,6.8693,28.6448,16.7727,0.0064
2017-01-23,8860.5,34.3,6.8572,28.0774,13.991,-0.0017000000000000001
2017-01-24,8816.4,34.1,6.8331,28.225099999999998,13.654399999999999,0.0031
2017-01-25,8781.2,32.7,6.8596,19.5573,1.744200000000001,0.0053
2017-01-26,8649.0,29.8,6.8588,21.7783,8.613199999999999,-0.004699999999999999
2017-02-03,8696.3,30.4,6.8556,29.1982,13.0867,0.0072
2017-02-06,8743.3,32.2,6.8606,42.355000000000004,27.762700000000002,-0.0005
2017-02-07,8746.5,34.1,6.8604,35.3678,16.321099999999998,0.0063
2017-02-08,8774.0,35.7,6.8849,29.0011,12.1851,0.0059
2017-02-09,8812.5,35.6,6.871,39.3019,18.7181,0.0013
2017-02-10,8794.4,36.5,6.8819,37.9206,16.2104,0.0067
2017-02-13,8845.7,39.1,6.8898,43.0324,16.983500000000003,-0.0002
2017-02-14,8863.6,38.7,6.8806,34.6605,13.466199999999997,-0.0062
2017-02-15,8881.9,45.3,6.8632,48.1118,23.0833,0.0063
2017-02-16,8916.6,41.5,6.8629,35.8124,18.6494,-0.0073
2017-02-17,8900.2,44.1,6.8456,33.1537,12.1927,0.011200000000000002
2017-02-20,8948.4,45.1,6.8743,36.1939,18.3337,0.0064
2017-02-21,8959.3,47.5,6.879,34.1803,13.142299999999999,0.0032
2017-02-22,8981.9,43.3,6.883,31.2076,10.767500000000002,-0.0019
2017-02-23,9013.6,42.6,6.8695,34.6365,14.136599999999998,0.0018
2017-02-24,9013.2,40.3,6.8655,27.701099999999997,7.7147999999999985,-0.0074
2017-02-27,9040.3,40.8,6.8814,32.1306,3.7498000000000005,0.0034999999999999996
2017-02-28,9062.1,40.6,6.875,24.306600000000003,1.502600000000001,0.0023
2017-03-01,9070.0,43.2,6.8798,28.5228,8.928899999999999,-0.0058
2017-03-02,9081.4,41.6,6.8809,33.7572,3.916800000000002,0.0005
2017-03-03,9055.1,40.8,6.8896,31.4874,1.2820000000000018,0.0087
2017-03-06,9087.5,43.3,6.879,28.9593,2.5778,0.0025
2017-03-07,9093.1,43.1,6.8957,33.200500000000005,3.0321000000000033,-0.0026
2017-03-08,9093.3,46.8,6.9032,29.1896,0.6022000000000016,-0.0068000000000000005
2017-03-09,9086.8,44.9,6.9125,25.3807,-19.1218,0.0005
2017-03-10,9053.1,44.4,6.9123,30.4595,-8.4266,0.008199999999999999
2017-03-13,9075.7,46.2,6.8988,36.3589,7.186699999999998,-0.0009
2017-03-14,9085.6,46.5,6.9118,27.4573,-9.921500000000002,0.0004
2017-03-15,9095.4,46.3,6.9115,33.5911,3.556099999999999,0.0084
2017-03-16,9165.0,46.2,6.8862,38.0616,17.792299999999997,-0.0087
2017-03-17,9152.1,46.1,6.8873,50.8761,12.0551,0.0026
2017-03-20,9182.7,44.6,6.8998,42.162499999999994,15.669899999999998,0.0034999999999999996
2017-03-21,9197.5,47.4,6.9071,42.319,8.740000000000002,-0.0043
2017-03-22,9213.8,47.7,6.8889,37.872299999999996,5.261799999999999,0.0017000000000000001
2017-03-23,9220.0,48.0,6.8856,47.0276,16.8768,0.0053
2017-03-24,9215.1,46.9,6.8845,49.13420000000001,17.253,-0.0027
2017-03-27,9259.2,46.5,6.8701,41.6189,3.1777999999999977,-0.0028000000000000004
2017-03-28,9269.0,45.2,6.8782,38.321,8.809000000000001,-0.004699999999999999
2017-03-29,9265.5,48.8,6.8915,33.9649,2.660400000000001,-0.0146
2017-03-30,9254.4,44.3,6.8889,44.1292,11.803699999999997,0.0038
2017-03-31,9178.7,42.2,6.8993,31.8471,-2.000499999999999,0.0174
2017-04-05,9230.6,43.6,6.8906,61.3516,13.9941,0.0033
2017-04-06,9239.5,45.9,6.893,40.5082,-0.025800000000002044,0.0009
2017-04-07,9213.7,44.4,6.8949,39.1869,4.4914000000000005,-0.006500000000000001
2017-04-10,9254.6,47.1,6.9042,42.379599999999996,7.399099999999999,0.0064
2017-04-11,9306.5,47.8,6.8957,42.2625,-4.7544,-0.0059
2017-04-12,9323.1,49.3,6.894,41.6522,-3.5509000000000004,0.0029
2017-04-18,9325.7,48.0,6.8849,54.1034,0.24190000000000111,-0.0083
2017-04-19,9295.1,46.5,6.8664,47.3427,10.506599999999999,-0.0004
2017-04-20,9265.2,46.3,6.8792,51.7038,16.329,-0.0024
2017-04-21,9184.6,44.0,6.8823,39.1258,6.341100000000003,-0.02
2017-04-24,9126.6,47.2,6.8673,40.038,3.5557000000000016,0.0034999999999999996
2017-04-25,9106.2,48.1,6.8833,48.141400000000004,14.088700000000003,0.0026
2017-04-26,9096.9,48.2,6.8845,47.0664,9.608300000000003,0.0034999999999999996
2017-04-27,9099.1,49.1,6.8896,49.5805,5.216799999999996,0.0021
2017-04-28,9045.3,46.0,6.8931,50.8669,16.722,-0.0012
2017-05-04,9086.0,50.6,6.8957,61.8827,10.446000000000002,-0.0103
2017-05-05,9028.6,49.8,6.8884,41.4818,-2.6450000000000014,-0.0143
2017-05-08,8979.5,50.8,6.8947,40.8645,2.200099999999999,0.0032
2017-05-09,8962.5,48.7,6.9037,44.7934,21.3234,-0.0121
2017-05-10,8906.3,51.1,6.9066,48.397999999999996,21.256,0.0
2017-05-11,8825.6,50.9,6.9051,54.879999999999995,22.451199999999996,0.0040999999999999995
2017-05-12,8772.0,51.0,6.8948,38.8836,1.0745000000000022,0.004
2017-05-15,8749.4,51.9,6.8852,47.4824,16.501600000000003,0.0152
2017-05-16,8776.7,52.0,6.879,59.231300000000005,30.004000000000005,-0.0005
2017-05-17,8785.3,50.8,6.8635,43.7714,14.931,-0.0054
2017-05-18,8796.8,48.0,6.8612,39.595200000000006,9.602000000000002,0.0003
2017-05-19,8768.2,47.1,6.8786,38.1408,12.700099999999999,-0.0091
2017-05-22,8760.6,50.0,6.8673,35.8298,5.6533,-0.013000000000000001
2017-05-23,8712.0,51.3,6.8661,47.8778,2.772500000000001,0.0031
2017-05-24,8704.3,51.5,6.8758,41.5761,10.518499999999998,0.0134
2017-05-25,8701.4,53.0,6.8695,50.13250000000001,15.070300000000005,-0.0003
2017-05-26,8638.9,46.9,6.8698,43.0311,-0.15229999999999677,0.0005
2017-05-31,8647.2,48.6,6.8633,39.3187,-16.27,-0.0124
2017-06-01,8597.0,49.0,6.809,41.7689,-16.968000000000004,0.0044
2017-06-02,8579.2,45.8,6.807,43.9461,15.628599999999999,0.0024
2017-06-05,8590.7,45.6,6.7935,45.0487,18.014400000000002,0.0054
2017-06-06,8580.4,46.1,6.7934,44.393699999999995,20.2122,0.017
2017-06-07,8616.3,43.6,6.7858,57.6313,22.5453,0.0034999999999999996
2017-06-08,8622.6,45.2,6.793,54.5385,22.8857,0.003
2017-06-09,8605.2,45.4,6.7971,61.043400000000005,13.2558,-0.0075
2017-06-12,8624.4,46.6,6.7948,41.3594,-10.596699999999998,0.0084
2017-06-13,8651.9,44.3,6.7954,42.5302,4.8187000000000015,-0.0054
2017-06-14,8655.0,43.7,6.7939,34.704499999999996,-13.239,0.0051
2017-06-15,8688.1,42.4,6.7852,56.2178,22.2485,-0.0016
2017-06-16,8655.2,42.5,6.7995,50.8905,9.7481,0.008
2017-06-19,8673.7,43.8,6.7972,50.5206,22.8799,-0.0002
2017-06-20,8674.1,43.7,6.8096,34.8985,3.1171000000000024,0.0058
2017-06-21,8687.2,44.4,6.8193,49.716300000000004,13.7256,-0.008
2017-06-22,8690.5,47.2,6.8197,61.782,16.8812,0.0049
2017-06-23,8666.9,44.1,6.8238,51.153999999999996,14.0521,0.0129
2017-06-26,8718.3,46.6,6.822,50.4858,1.3591000000000015,0.0019
2017-06-27,8740.1,45.9,6.8292,66.3777,26.475400000000004,-0.0067
2017-06-28,8769.7,47.4,6.8053,45.0489,-3.9857000000000014,0.0054
2017-06-29,8780.5,46.3,6.794,64.2552,29.9561,0.0011
2017-06-30,8754.6,42.5,6.7744,30.9433,-11.8185,0.0021
2017-07-03,8774.1,41.3,6.7772,33.8174,4.076700000000001,-0.0052
2017-07-04,8788.3,44.4,6.7889,33.6567,-6.0083,0.0098
2017-07-05,8808.1,43.3,6.7922,33.2255,5.685399999999998,0.0012
2017-07-06,8810.7,47.3,6.7953,34.6813,-10.709600000000004,0.0022
2017-07-07,8798.9,43.7,6.7914,33.9434,2.637800000000002,-0.0026
2017-07-10,8826.9,45.5,6.7964,39.9611,8.949800000000003,-0.0038
2017-07-11,8827.4,46.3,6.7983,43.090599999999995,8.204899999999999,-0.0015
2017-07-12,8841.5,46.5,6.7868,50.8725,15.027299999999999,0.0045000000000000005
2017-07-13,8845.3,49.4,6.7802,50.767399999999995,13.510999999999997,0.0
2017-07-14,8804.8,46.9,6.7774,37.7909,0.5296999999999983,-0.0302
2017-07-17,8754.6,49.4,6.7562,64.42490000000001,13.488899999999997,0.0054
2017-07-18,8756.4,46.5,6.7611,62.5043,20.0142,0.016399999999999998
2017-07-19,8780.0,49.0,6.7451,55.323,17.5218,0.005
2017-07-20,8791.7,49.1,6.7464,43.6503,1.2740999999999971,-0.0016
2017-07-21,8781.9,46.3,6.7415,47.9169,15.248099999999999,0.0053
2017-07-24,8840.8,48.1,6.741,51.6622,15.894400000000001,-0.004
2017-07-25,8876.6,48.0,6.7485,46.791799999999995,12.352599999999999,-0.0017000000000000001
2017-07-26,8902.6,46.7,6.7529,60.5928,17.744799999999998,0.0067
2017-07-27,8936.6,46.9,6.7307,59.185500000000005,26.7273,0.002
2017-07-28,8907.4,46.1,6.7373,51.7558,23.065800000000003,0.0068000000000000005
2017-07-31,8960.7,48.0,6.7283,48.5851,18.889200000000002,0.0044
2017-08-01,8974.6,50.2,6.7148,48.8865,14.882600000000002,-0.004699999999999999
2017-08-02,9011.7,49.0,6.7205,54.690799999999996,2.8001000000000005,-0.0023
2017-08-03,9053.3,45.5,6.7211,59.5359,23.4822,-0.0049
2017-08-04,9020.0,46.3,6.7132,60.2907,28.1256,0.0072
2017-08-07,9052.6,45.4,6.7228,58.2559,27.8841,0.0022
2017-08-08,9043.6,48.2,6.7184,47.697500000000005,18.2119,0.0017000000000000001
2017-08-09,9082.0,48.7,6.7075,44.424099999999996,12.158299999999999,-0.0060999999999999995
2017-08-10,9085.5,47.8,6.677,47.3899,-2.792300000000001,-0.0174
2017-08-11,9047.7,45.2,6.6642,52.0788,-9.043100000000003,0.0161
2017-08-14,9097.8,46.1,6.6601,47.278999999999996,2.2414000000000023,0.0037
2017-08-15,9123.0,48.7,6.6689,40.926199999999994,-0.7786000000000044,0.0015
2017-08-16,9148.2,47.8,6.6779,41.9735,8.124800000000004,0.0067
2017-08-17,9177.5,49.3,6.6709,43.0394,6.342200000000002,-0.0011
2017-08-18,9159.9,46.7,6.6744,39.8461,-10.7043,0.0064
2017-08-21,9195.2,45.5,6.6709,42.1907,0.7080999999999982,-0.0014000000000000002
2017-08-22,9215.6,47.6,6.6597,41.5632,0.19590000000000174,-0.0027
2017-08-24,9236.8,47.3,6.6525,54.2552,12.416999999999998,0.013300000000000001
2017-08-25,9226.0,47.1,6.6579,69.45830000000001,30.436400000000003,0.0121
2017-08-28,9291.0,50.8,6.6353,83.63409999999999,37.7086,-0.0014000000000000002
2017-08-29,9330.0,47.9,6.6293,59.9761,17.2229,0.0023
2017-08-30,9350.2,49.6,6.6102,75.6127,32.87740000000001,0.0008
2017-08-31,9415.2,46.9,6.601,65.53219999999999,17.783599999999996,0.005
2017-09-01,9428.8,47.5,6.5909,81.9183,41.7872,0.0048
2017-09-04,9487.4,45.9,6.5668,65.6992,17.196100000000005,0.0019
2017-09-05,9519.2,49.1,6.537,53.2803,9.401599999999998,0.0019
2017-09-06,9567.7,50.6,6.5311,47.2227,1.6279000000000003,-0.0048
2017-09-07,9600.5,48.3,6.5269,54.840199999999996,9.316100000000002,0.0011
2017-09-08,9608.5,46.0,6.5032,56.6315,4.297799999999999,0.005600000000000001
2017-09-11,9690.1,45.6,6.4997,64.1814,20.066299999999995,0.0003
2017-09-12,9735.3,46.9,6.5277,71.7843,24.688200000000002,0.0032
2017-09-13,9769.3,48.0,6.5382,47.914699999999996,2.3535000000000004,-0.0021
2017-09-14,9798.9,48.9,6.5465,50.9588,0.4643999999999977,-0.003
2017-09-15,9787.6,45.5,6.5423,59.0346,-1.8765999999999963,0.0054
2017-09-18,9843.3,45.3,6.5419,84.3709,43.873400000000004,-0.0034999999999999996
2017-09-19,9872.3,45.9,6.553,56.4478,1.3806000000000012,0.0058
2017-09-20,9929.6,45.5,6.567,66.3686,20.058200000000006,-0.006500000000000001
2017-09-21,9904.1,47.2,6.5867,64.1397,11.983400000000003,-0.0025
2017-09-22,9870.0,44.2,6.5861,51.8835,4.845000000000002,-0.009399999999999999
2017-09-25,9844.4,44.9,6.5945,48.0822,-17.6926,0.0014000000000000002
2017-09-26,9835.3,45.0,6.6076,48.9833,0.2773000000000003,0.0045000000000000005
2017-09-27,9827.7,43.2,6.6192,45.7631,6.4814000000000025,-0.0018
2017-09-28,9804.5,42.5,6.6285,41.518600000000006,-3.7445999999999984,0.0058
2017-09-29,9655.5,37.6,6.6369,46.8589,11.2961,0.0115
2017-10-09,9814.3,43.0,6.6493,122.98750000000001,75.642,0.0048
2017-10-10,9881.3,43.1,6.6273,94.1207,40.8785,-0.0008
2017-10-11,9900.2,45.7,6.5841,75.4002,15.959999999999997,-0.0002
2017-10-12,9901.3,47.3,6.5808,54.2949,3.582699999999999,0.0040999999999999995
2017-10-13,9895.0,43.5,6.5866,52.6086,2.7245000000000026,-0.0101
2017-10-16,9906.9,44.4,6.5839,73.0772,14.066600000000001,-0.0004
2017-10-17,9903.8,43.3,6.5883,67.87,16.867999999999995,-0.0011
2017-10-18,9867.1,46.0,6.5991,54.8989,-5.719800000000003,-0.0068000000000000005
2017-10-19,9836.6,45.0,6.6093,75.5436,-0.3370000000000033,0.005600000000000001
2017-10-20,9820.5,43.0,6.6092,56.6561,-1.6961999999999975,0.0038
2017-10-23,9856.7,43.6,6.6205,50.8402,-14.877099999999999,0.001
2017-10-24,9824.0,46.9,6.6268,55.6729,-32.6987,0.0058
2017-10-25,9846.1,45.2,6.6322,63.230000000000004,4.638400000000001,0.004
2017-10-26,9919.5,47.1,6.6288,92.4632,15.238000000000007,-0.0002
2017-10-27,9922.3,45.8,6.6473,74.4543,0.7672999999999988,-0.0134
2017-10-30,9923.2,47.7,6.6487,81.7196,-11.660499999999999,0.0036
2017-10-31,9945.6,47.1,6.6397,71.21879999999999,-5.149700000000003,-0.001
2017-11-01,9999.9,50.0,6.63,82.5284,25.4899,-0.0055000000000000005
2017-11-02,9995.3,47.7,6.6196,70.9971,15.1751,-0.004699999999999999
2017-11-03,9951.1,46.9,6.6072,70.8339,1.9037000000000006,0.0088
2017-11-06,10017.6,46.4,6.6247,71.7119,4.842599999999997,0.006999999999999999
2017-11-07,10071.5,51.3,6.6216,90.3344,15.237300000000005,0.0008
2017-11-08,10126.0,49.0,6.6277,92.8336,18.697900000000004,0.0064
2017-11-09,10161.5,49.3,6.6325,88.6367,29.838200000000004,0.0055000000000000005
2017-11-10,10179.8,49.7,6.6282,81.7971,2.308499999999995,0.0034000000000000002
2017-11-13,10268.1,52.7,6.6347,87.2756,5.7479999999999976,-0.0072
2017-11-14,10310.8,51.9,6.6399,83.8083,3.2937999999999903,-0.008100000000000001
2017-11-15,10324.5,51.6,6.6263,74.35679999999999,-21.574799999999996,0.0028000000000000004
2017-11-16,10349.1,51.7,6.6286,69.8802,4.266199999999994,-0.0152
2017-11-17,10225.2,53.8,6.6277,102.4324,-15.4942,0.006
2017-11-20,10238.3,52.1,6.6271,96.4689,-9.371400000000001,0.0087
2017-11-21,10312.5,55.0,6.6356,98.64699999999999,-7.0083000000000055,0.0008
2017-11-22,10339.4,54.5,6.629,99.2154,4.029700000000005,-0.0265
2017-11-23,10314.7,52.6,6.6021,126.774,18.869000000000007,0.0004
2017-11-24,10249.0,48.6,6.581,108.8412,8.072699999999998,-0.0124
2017-11-27,10209.1,48.6,6.5874,82.8526,-14.331499999999998,0.0084
2017-11-28,10228.9,47.5,6.5944,89.9436,32.954600000000006,0.001
2017-11-29,10246.9,52.0,6.6011,88.028,12.944100000000006,-0.0085
2017-11-30,10237.2,49.4,6.6034,72.31530000000001,-9.802499999999998,0.0036
2017-12-01,10218.8,46.9,6.6067,90.5968,32.430899999999994,-0.003
2017-12-04,10208.9,48.0,6.6105,73.65280000000001,-1.4628999999999905,-0.0102
2017-12-05,10075.0,48.5,6.6113,71.8427,-32.308200000000014,0.0015
2017-12-06,10082.7,47.2,6.6163,74.94149999999999,-39.34830000000001,-0.0067
2017-12-07,10090.3,45.3,6.6195,67.3266,-15.5033,0.009300000000000001
2017-12-08,10091.2,45.8,6.6218,98.0743,36.3775,0.0134
2017-12-11,10108.2,47.9,6.6152,80.4246,15.273999999999997,-0.011200000000000002
2017-12-12,10122.2,47.6,6.6162,57.6773,-7.355400000000003,0.0077
2017-12-13,10151.6,48.6,6.6251,75.7782,28.8105,-0.0021
2017-12-14,10174.8,50.6,6.6033,61.7963,6.192399999999999,-0.0079
2017-12-15,10144.3,46.5,6.6113,61.46249999999999,-26.630000000000006,-0.0027
2017-12-18,10152.6,47.0,6.6162,62.598600000000005,18.7086,0.0095
2017-12-19,10166.3,47.5,6.6098,60.296899999999994,15.851299999999998,-0.0053
2017-12-20,10157.6,48.0,6.6066,53.6848,-9.338999999999995,0.0062
2017-12-21,10169.8,48.9,6.5795,62.9412,12.524900000000002,-0.002
2017-12-27,10233.5,46.0,6.5421,80.51169999999999,8.323899999999995,0.005
2017-12-28,10267.8,47.4,6.5412,84.3467,27.856900000000007,0.0051
2017-12-29,10215.9,45.1,6.5342,58.921499999999995,15.256499999999999,0.0126
2018-01-02,10250.8,46.5,6.5079,83.1297,33.5706,0.0073
2018-01-03,10267.5,47.8,6.492,108.5906,44.30829999999999,0.0037
2018-01-04,10288.3,49.9,6.5043,104.3973,43.4097,0.0015
2018-01-05,10287.2,49.5,6.4915,86.1936,24.114499999999996,0.0038
2018-01-08,10341.0,52.2,6.4832,90.8085,17.108099999999997,0.0031
2018-01-09,10377.8,51.1,6.4968,91.5469,28.425200000000004,-0.0009
2018-01-10,10424.1,52.2,6.5207,93.1099,15.492799999999995,0.0019
2018-01-11,10454.8,52.4,6.5147,78.79990000000001,0.7301000000000002,-0.0002
2018-01-12,10434.6,51.1,6.4932,77.638,21.1973,-0.012
2018-01-15,10450.8,54.6,6.4574,86.8983,-17.5912,0.0075
2018-01-16,10506.9,52.2,6.4372,110.6965,22.926499999999997,-0.0022
2018-01-17,10523.4,55.9,6.4335,124.3544,-8.280100000000004,0.004
2018-01-18,10597.8,55.3,6.4401,106.2007,18.0689,0.0006
2018-01-19,10609.5,54.4,6.4169,101.3022,10.462600000000002,0.0098
2018-01-22,10661.6,54.2,6.4112,111.0914,21.710500000000003,0.006500000000000001
2018-01-23,10712.9,55.1,6.4009,130.4826,26.660899999999998,0.004
2018-01-24,10757.3,54.8,6.3916,110.3517,1.2256000000000071,-0.004
2018-01-25,10762.5,53.9,6.3724,115.08340000000001,22.239000000000004,0.0011
2018-01-26,10741.7,52.4,6.3436,108.98140000000001,30.0346,-0.0146
2018-01-29,10778.7,51.8,6.3267,109.0047,-8.249700000000004,-0.0066
2018-01-30,10782.9,50.0,6.3312,103.4906,4.067,-0.0085
2018-01-31,10741.1,50.2,6.3339,96.321,-0.5523000000000025,-0.0216
2018-02-01,10614.7,52.2,6.3045,123.5385,2.712299999999999,0.0017000000000000001
2018-02-02,10526.7,50.0,6.2885,110.15289999999999,-1.5151000000000039,-0.0008
2018-02-05,10506.7,52.2,6.3019,103.0712,-34.6302,-0.038599999999999995
2018-02-06,10344.2,51.3,6.3072,119.88329999999999,-97.92849999999999,-0.011399999999999999
2018-02-07,10290.5,49.0,6.2882,166.3033,17.165399999999998,-0.0001
2018-02-08,10258.4,46.6,6.2822,141.7392,28.754100000000008,-0.0374
2018-02-09,10076.5,44.0,6.3194,136.4648,-26.087399999999995,0.0181
2018-02-12,10003.5,46.0,6.3001,104.4497,-12.582599999999992,0.0075
2018-02-13,9912.3,46.8,6.3247,82.0991,-8.786599999999996,0.0055000000000000005
2018-02-14,9776.9,41.1,6.3428,62.8844,11.549199999999995,0.019799999999999998
2018-02-22,9824.2,51.2,6.353,102.2512,23.709599999999995,0.004
2018-02-23,9825.8,51.5,6.3482,80.9813,17.791199999999993,0.0165
2018-02-26,9876.3,53.1,6.3378,95.0121,32.095800000000004,-0.0072
2018-02-27,9886.9,51.5,6.3146,113.57730000000001,26.0026,-0.0032
2018-02-28,9901.4,51.9,6.3294,88.4109,-4.545799999999993,0.0092
2018-03-01,9933.6,50.8,6.3352,88.07329999999999,12.176599999999993,-0.0064
2018-03-02,9926.5,48.6,6.3334,72.8973,-10.593400000000003,0.0024
2018-03-05,9923.6,49.7,6.3431,67.9114,-13.7652,0.0118
2018-03-06,9953.5,53.1,6.3386,93.458,9.795900000000003,-0.006999999999999999
2018-03-07,9944.1,54.5,6.3294,67.8036,-25.667999999999996,0.0085
2018-03-08,9954.3,52.4,6.3239,84.8061,28.2628,0.011000000000000001
2018-03-09,9947.4,52.6,6.3451,81.35990000000001,14.023800000000001,0.0095
2018-03-12,10001.0,53.2,6.3333,102.6615,23.679500000000004,-0.006999999999999999
2018-03-13,10005.1,51.0,6.3218,88.2906,13.607099999999996,-0.0072
2018-03-14,10024.7,50.8,6.3205,74.6707,5.9018000000000015,0.0005
2018-03-15,10036.1,52.4,6.3141,87.0385,13.774999999999999,-0.0063
2018-03-16,10012.0,49.5,6.334,86.89160000000001,-21.851099999999995,0.0032
2018-03-19,10026.1,51.8,6.332,72.7916,8.8464,0.002
2018-03-20,10031.3,51.5,6.3246,70.479,-8.720100000000002,-0.0055000000000000005
2018-03-21,10052.0,53.1,6.3396,85.2518,5.3763000000000005,-0.005699999999999999
2018-03-22,10060.2,49.8,6.3167,82.3116,3.7191000000000045,-0.0401
2018-03-23,9895.1,49.9,6.3272,113.7764,-17.456899999999997,0.004699999999999999
2018-03-26,9938.9,48.3,6.3193,121.10079999999999,38.399300000000004,0.016200000000000003
2018-03-27,9961.2,50.8,6.2816,110.20089999999999,10.590599999999995,-0.0123
2018-03-28,9957.1,51.8,6.2785,112.20250000000001,7.0260000000000105,0.0111
2018-04-03,9986.7,50.9,6.2833,132.5062,29.064299999999996,-0.004
2018-04-04,9927.2,48.7,6.2926,97.2093,14.1143,0.0007000000000000001
2018-04-09,9958.0,50.6,6.3114,108.2748,32.744699999999995,0.011000000000000001
2018-04-10,9945.6,55.1,6.3071,111.87480000000001,33.451200000000014,0.0043
2018-04-11,9952.6,55.6,6.2911,98.0157,9.4043,-0.0077
2018-04-12,9955.9,54.0,6.2834,88.4091,28.314799999999995,-0.0049
2018-04-13,9941.3,53.8,6.2898,86.4743,23.0219,-0.0098
2018-04-16,9956.3,54.6,6.2884,107.2816,26.077500000000008,-0.0182
2018-04-17,9932.9,52.8,6.2771,105.27510000000001,6.876200000000004,0.0089
2018-04-18,9930.8,54.7,6.2817,163.7586,72.2168,0.0077
2018-04-19,9914.3,56.3,6.2832,124.04310000000001,52.6644,-0.0172
2018-04-20,9859.4,54.7,6.2897,85.52959999999999,-11.603500000000004,-0.004
2018-04-23,9871.6,54.6,6.3034,106.7629,23.3335,0.0213
2018-04-24,9856.1,56.4,6.3229,121.2881,39.0022,-0.0004
2018-04-25,9868.6,54.8,6.3066,83.73859999999999,13.790999999999997,-0.018600000000000002
2018-04-26,9859.7,53.2,6.3283,100.41810000000001,-30.9994,0.0013
2018-04-27,9787.6,51.5,6.3393,149.5763,25.030200000000008,-0.0008
2018-05-02,9780.8,53.4,6.367,137.3665,45.6991,0.0085
2018-05-03,9769.6,54.8,6.3732,98.5732,4.076799999999999,-0.0026
2018-05-04,9746.6,54.8,6.3521,71.1726,-13.339599999999997,0.0166
2018-05-07,9769.4,57.4,6.3584,104.7466,27.089800000000004,0.0084
2018-05-08,9781.1,60.2,6.3674,98.24199999999999,19.405499999999996,-0.0012
2018-05-09,9807.1,57.3,6.3733,78.3806,21.8643,0.0048
2018-05-10,9828.0,58.9,6.3768,90.9795,30.0867,-0.0073
2018-05-11,9792.2,57.0,6.3524,96.1536,25.499499999999998,0.002
2018-05-14,9800.0,59.1,6.3345,124.6731,56.858000000000004,0.0072
2018-05-15,9809.9,59.6,6.3486,106.57900000000001,36.3212,-0.0058
2018-05-16,9815.8,59.0,6.3745,91.7998,11.073300000000003,-0.0054
2018-05-17,9835.8,57.2,6.3679,81.8373,22.798499999999997,0.0070999999999999995
2018-05-18,9816.3,58.5,6.3763,95.11,34.3788,0.009000000000000001
2018-05-23,9909.0,59.0,6.3773,119.76079999999999,22.311199999999992,-0.004699999999999999
2018-05-24,9926.4,58.9,6.3816,91.2741,20.488800000000005,-0.0063
2018-05-25,9891.6,58.1,6.3867,95.13839999999999,20.342599999999997,-0.0015
2018-05-28,9897.2,59.3,6.3962,108.55510000000001,38.722100000000005,-0.008100000000000001
2018-05-29,9883.6,60.6,6.4021,105.2741,14.658699999999996,-0.0264
2018-05-30,9838.7,59.1,6.4207,116.52539999999999,12.700099999999999,0.0182
2018-05-31,9829.0,61.6,6.4144,202.1778,57.4777,-0.0097
2018-06-01,9784.5,60.6,6.4078,110.52430000000001,21.9287,0.0036
2018-06-04,9759.6,61.9,6.4208,146.5745,60.3214,0.013300000000000001
2018-06-05,9760.5,63.3,6.4157,127.0016,37.3664,-0.0001
2018-06-06,9754.2,64.1,6.404,107.2346,26.6042,-0.0034999999999999996
2018-06-07,9754.1,64.6,6.3919,120.3875,41.41890000000001,-0.011699999999999999
2018-06-08,9721.6,61.5,6.4003,138.3852,1.4283999999999963,-0.0038
2018-06-11,9705.4,63.2,6.4064,128.7916,42.6168,0.0102
2018-06-12,9702.3,65.7,6.4121,119.6291,24.921099999999996,-0.0125
2018-06-13,9676.6,64.3,6.4156,102.4359,14.162599999999998,-0.004
2018-06-14,9672.3,66.3,6.3962,113.71090000000001,28.06020000000001,-0.0118
2018-06-15,9589.5,63.6,6.4306,130.9215,26.2838,-0.0495
2018-06-19,9374.4,64.4,6.4235,170.6823,-21.115700000000004,0.0072
2018-06-20,9316.9,61.5,6.4586,117.4046,7.535200000000003,-0.0166
2018-06-21,9241.8,63.9,6.4706,124.0858,-9.109399999999994,0.0095
2018-06-22,9193.8,60.9,6.4804,98.1599,1.1156999999999968,-0.0092
2018-06-25,9172.8,64.1,6.4893,87.6487,-37.794000000000004,0.0
2018-06-26,9177.9,63.4,6.518,134.0698,23.632399999999997,-0.013600000000000001
2018-06-27,9163.5,65.1,6.5569,112.01319999999998,-12.50650000000001,-0.0104
2018-06-28,9143.7,63.7,6.596,138.22469999999998,8.04999999999999,0.027999999999999997
2018-07-03,9125.3,66.1,6.6497,172.6833,3.432600000000008,-0.0151
2018-07-04,9071.9,65.8,6.6595,91.6325,-14.328199999999995,-0.0159
2018-07-05,9022.9,66.0,6.618,115.88589999999999,22.65549999999999,0.005699999999999999
2018-07-06,8987.2,66.5,6.6336,143.263,43.8544,0.0248
2018-07-09,8968.8,69.4,6.6393,110.3567,34.316300000000005,0.0051
2018-07-10,8962.0,71.0,6.6259,90.2904,6.0922999999999945,-0.019
2018-07-11,8919.3,69.4,6.6234,86.15559999999999,-2.536200000000001,0.0246
2018-07-12,8940.8,70.9,6.6726,107.5592,17.9244,0.0043
2018-07-13,8905.2,69.3,6.6727,92.0629,10.886400000000002,-0.0028000000000000004
2018-07-16,8908.7,69.7,6.6758,79.7642,-0.9932000000000016,-0.0022
2018-07-17,8918.0,68.5,6.6821,70.3433,-6.330399999999997,-0.0054
2018-07-18,8910.2,69.3,6.6914,73.2589,-1.0469000000000044,-0.005600000000000001
2018-07-19,8891.2,70.0,6.7066,93.3892,24.395200000000003,0.015600000000000001
2018-07-20,8863.3,72.9,6.7671,118.399,21.360000000000007,0.0083
2018-07-23,8847.1,75.3,6.7593,110.0375,-1.3849000000000018,0.016
2018-07-24,8845.2,75.3,6.7891,137.92770000000002,26.347400000000015,0.0001
2018-07-25,8856.1,76.2,6.804,99.5882,16.175799999999995,-0.0075
2018-07-26,8877.0,75.2,6.7662,93.5692,3.932700000000004,-0.0046
2018-07-27,8850.0,74.2,6.7942,93.4875,25.566999999999993,-0.0074
2018-07-30,8848.3,74.5,6.8131,114.4661,23.5058,0.0007000000000000001
2018-07-31,8842.5,74.4,6.8165,105.9442,30.9291,-0.0178
2018-08-01,8826.2,75.5,6.8293,102.5187,9.386600000000001,-0.0223
2018-08-02,8805.9,72.1,6.7942,141.0303,3.629099999999994,-0.014199999999999999
2018-08-03,8763.9,70.4,6.8322,112.6591,5.105699999999999,-0.0163
2018-08-06,8736.1,70.6,6.8513,127.04079999999999,30.631199999999993,0.0275
2018-08-07,8715.5,75.0,6.8431,125.0546,29.850099999999998,-0.0154
2018-08-08,8687.6,73.8,6.8313,120.2147,16.5803,0.0236
2018-08-09,8694.0,75.1,6.8317,141.6595,52.145,0.004
2018-08-10,8661.2,72.4,6.8395,91.28880000000001,0.5424999999999969,-0.0002
2018-08-13,8673.3,73.0,6.8629,82.1998,-5.779500000000006,-0.0038
2018-08-14,8679.2,73.1,6.8695,77.11189999999999,-13.397200000000005,-0.0215
2018-08-15,8675.6,73.7,6.8856,83.6917,-15.2714,-0.0075
2018-08-16,8674.7,73.5,6.8946,122.4675,21.71900000000001,-0.015700000000000002
2018-08-17,8639.0,71.4,6.8894,93.7116,3.6753,0.008
2018-08-20,8620.7,73.4,6.8718,134.8156,56.561,0.014499999999999999
2018-08-21,8591.5,75.5,6.836,110.43870000000001,28.1475,-0.0083
2018-08-22,8574.0,74.4,6.8271,82.6601,20.0322,0.005
2018-08-23,8575.8,75.4,6.8367,94.06880000000001,12.599200000000003,0.0002
2018-08-24,8548.8,74.6,6.871,73.2825,-1.7687000000000026,0.0225
2018-08-27,8550.0,76.6,6.8508,121.5557,21.676399999999994,-0.0002
2018-08-28,8545.3,75.6,6.8052,93.9315,14.307200000000002,-0.005
2018-08-29,8547.3,75.8,6.8072,84.996,20.319499999999998,-0.013000000000000001
2018-08-30,8540.4,74.9,6.8113,94.0882,6.163599999999995,-0.0075
2018-08-31,8501.9,73.9,6.8246,177.4359,37.6719,-0.0017000000000000001
2018-09-03,8496.3,75.9,6.8347,83.7115,2.7077000000000027,0.011899999999999999
2018-09-04,8497.5,77.6,6.8183,86.705,13.511299999999999,-0.0171
2018-09-05,8490.6,76.3,6.8266,73.1202,-31.0886,-0.0069
2018-09-06,8492.6,76.0,6.8217,90.38810000000001,8.862900000000003,0.0033
2018-09-07,8460.2,75.3,6.8212,90.9724,-2.5409000000000006,-0.016200000000000003
2018-09-10,8432.6,74.4,6.8389,74.449,-6.0471,-0.0007000000000000001
2018-09-11,8421.3,73.5,6.8488,88.2988,-0.42029999999999745,-0.0036
2018-09-12,8423.2,72.6,6.8546,75.61160000000001,-10.453499999999998,0.009000000000000001
2018-09-13,8420.1,73.3,6.8488,105.20779999999999,27.399300000000004,-0.0043
2018-09-14,8377.9,73.8,6.8362,96.7758,28.07420000000001,-0.013300000000000001
2018-09-17,8359.3,73.5,6.8509,69.15559999999999,6.913399999999999,0.0187
2018-09-18,8358.0,77.4,6.8554,99.53630000000001,19.171000000000006,0.012199999999999999
2018-09-19,8328.7,79.0,6.8569,101.1257,7.761800000000001,-0.0013
2018-09-20,8305.9,77.9,6.853,112.7207,48.0023,0.0219
2018-09-26,8257.9,80.0,6.8571,168.577,18.777299999999997,-0.009000000000000001
2018-09-27,8232.7,77.6,6.8642,119.71119999999999,28.894,0.0097
2018-09-28,8151.6,76.6,6.8792,101.6139,16.263,-0.038
2018-10-08,8199.7,74.8,6.8957,104.2048,-97.1611,0.0002
2018-10-09,8199.9,76.8,6.9019,92.1814,-30.798399999999994,-0.0005
2018-10-10,8197.8,77.0,6.9072,84.8729,-16.120399999999997,-0.058899999999999994
2018-10-11,8056.5,72.7,6.9098,137.6418,-36.323600000000006,0.0048
2018-10-12,7930.8,73.0,6.912,124.6515,10.7254,-0.0143
2018-10-15,7880.9,73.1,6.9154,92.9623,-11.046699999999994,-0.014499999999999999
2018-10-18,7699.7,72.7,6.9275,140.4884,-6.339499999999987,0.0265
2018-10-19,7648.6,74.5,6.9387,183.64090000000002,43.225400000000015,0.045599999999999995
2018-10-22,7655.4,80.4,6.9236,153.3273,-7.620099999999994,-0.0212
2018-10-23,7666.1,78.4,6.9338,125.8535,-3.5304999999999964,0.0008
2018-10-24,7666.7,80.9,6.9357,133.9678,14.706500000000005,-0.0012
2018-10-25,7658.4,80.7,6.9409,107.6829,-36.0184,-0.0023
2018-10-26,7642.2,78.8,6.951,104.9414,-16.651299999999992,-0.022799999999999997
2018-10-29,7650.8,77.4,6.9377,143.0402,27.884100000000004,0.0109
2018-10-30,7629.1,80.8,6.9574,156.99790000000002,2.2950000000000017,0.0147
2018-10-31,7621.1,82.0,6.9646,166.5898,57.486900000000006,0.0060999999999999995
2018-11-01,7617.6,83.9,6.967,198.6652,84.82469999999999,0.032400000000000005
2018-11-02,7591.1,85.6,6.9371,300.93809999999996,173.8467,-0.0017000000000000001
2018-11-05,7610.4,83.5,6.8976,140.454,9.383700000000012,-0.0034000000000000002
2018-11-06,7621.1,83.4,6.9075,99.6757,-17.953000000000003,-0.005
2018-11-07,7623.2,82.5,6.9065,118.4738,20.285899999999998,-0.0034999999999999996
2018-11-08,7616.8,83.1,6.9163,116.7088,38.5726,-0.0091
2018-11-09,7614.0,80.3,6.9329,97.0979,0.9246999999999943,0.0195
2018-11-12,7639.1,83.6,6.9476,104.95580000000001,11.031800000000004,0.0143
2018-11-13,7650.4,85.5,6.9629,135.4203,23.960000000000015,-0.0058
2018-11-14,7670.5,84.1,6.9402,94.6686,-8.9636,0.013999999999999999
2018-11-15,7690.6,85.9,6.9392,104.042,25.3776,0.0069
2018-11-16,7678.8,83.9,6.9377,120.05959999999999,19.9578,0.0075
2018-11-19,7709.3,84.3,6.9245,121.8237,16.4212,-0.024900000000000002
2018-11-20,7733.5,81.8,6.928,95.5013,-30.641600000000004,0.0045000000000000005
2018-11-21,7737.1,81.2,6.9449,104.3275,9.510399999999997,-0.0018
2018-11-22,7739.2,83.2,6.9391,76.8862,-6.754899999999999,-0.031400000000000004
2018-11-23,7687.9,77.4,6.9306,87.3303,-10.511999999999993,-0.0016
2018-11-26,7677.8,80.2,6.9453,90.4711,23.929599999999997,0.0024
2018-11-27,7676.7,81.2,6.9463,80.4589,1.453800000000001,0.0125
2018-11-28,7671.5,81.4,6.95,102.39179999999999,25.3917,-0.0179
2018-11-29,7647.5,80.1,6.9353,98.7257,10.732599999999998,0.009000000000000001
2018-11-30,7621.1,80.3,6.9357,131.2076,48.346000000000004,0.0296
2018-12-03,7630.0,84.5,6.9431,233.7548,121.41359999999999,0.0046
2018-12-04,7631.0,84.3,6.8939,137.012,42.9169,-0.005699999999999999
2018-12-05,7632.4,83.7,6.8476,114.4529,8.9071,-0.019799999999999998
2018-12-06,7646.5,80.8,6.8599,98.3751,-42.29509999999999,0.0
2018-12-07,7631.7,79.3,6.8664,80.94630000000001,-5.122300000000003,-0.0113
2018-12-10,7639.5,78.7,6.8693,85.9684,-17.701599999999992,0.0064
2018-12-11,7634.7,77.3,6.8996,84.6061,3.005100000000006,0.0017000000000000001
2018-12-12,7626.9,78.5,6.9064,77.0966,12.657399999999999,0.0125
2018-12-13,7627.7,81.4,6.8769,149.3866,66.1944,-0.0206
2018-12-14,7589.1,76.9,6.875,147.33870000000002,-17.075000000000003,-0.0013
2018-12-17,7598.8,76.2,6.8908,99.32079999999999,12.586100000000002,-0.0083
2018-12-18,7599.7,74.8,6.8854,80.7442,-30.121499999999997,-0.0124
2018-12-19,7581.9,72.3,6.8869,73.9166,-7.847900000000003,-0.0019
2018-12-20,7595.5,71.3,6.8936,89.795,-11.796299999999995,-0.0098
2018-12-21,7576.6,68.6,6.8825,105.3907,-1.9290000000000092,0.0058
2018-12-27,7551.8,70.9,6.8894,125.6618,5.335899999999995,0.0042
2018-12-28,7489.9,67.9,6.8632,121.5993,22.2967,-0.009399999999999999
2019-01-02,7497.7,66.9,6.8482,116.1227,3.5386999999999986,-0.0033
2019-01-03,7489.8,68.3,6.8631,96.7733,7.801200000000009,0.0246
2019-01-04,7501.8,70.1,6.8586,110.33840000000001,2.3685999999999936,0.0127
2019-01-07,7509.8,72.1,6.8517,106.2646,16.463499999999996,-0.0018
2019-01-08,7504.1,72.9,6.8402,94.3869,14.160499999999999,0.0066
2019-01-09,7493.4,74.3,6.8526,167.178,67.6312,-0.002
2019-01-10,7490.2,72.1,6.816,116.8825,16.3921,0.0076
2019-01-11,7472.6,72.1,6.7909,122.7918,42.6643,-0.0070999999999999995
2019-01-14,7477.9,71.7,6.756,83.42580000000001,-16.841699999999996,0.0155
2019-01-15,7471.0,73.7,6.7542,139.6827,51.802800000000005,-0.0008
2019-01-16,7447.2,73.0,6.7615,108.28800000000001,25.273200000000003,-0.006999999999999999
2019-01-17,7434.9,72.7,6.7592,120.52179999999998,25.855999999999987,0.0129
2019-01-18,7402.3,72.5,6.7665,172.9065,84.21010000000001,0.0054
2019-01-21,7399.7,72.7,6.7774,130.7769,32.237,-0.0123
2019-01-22,7414.8,69.2,6.7854,89.6518,-13.929700000000004,0.0005
2019-01-23,7410.4,68.9,6.7969,95.90020000000001,18.119400000000006,0.0053
2019-01-24,7403.0,70.3,6.7802,111.7493,24.4563,0.0013
2019-01-25,7351.1,69.8,6.7941,125.38419999999999,34.9324,-0.0032
2019-01-28,7330.1,69.4,6.7472,150.9272,49.4045,-0.006
2019-01-29,7303.9,67.8,6.7356,129.3493,23.7598,-0.0104
2019-01-30,7270.5,64.1,6.7343,121.0099,9.941600000000001,-0.0011
2019-01-31,7219.0,62.8,6.7025,183.95530000000002,86.63910000000001,0.0202
2019-02-01,7109.3,60.4,6.7081,152.4958,55.465900000000005,0.0223
2019-02-11,7160.0,65.7,6.7495,177.1761,45.6904,0.0096
2019-02-12,7193.0,67.6,6.7765,172.10809999999998,53.26219999999999,0.0187
2019-02-13,7243.3,72.5,6.7675,221.2677,86.0133,0.003
2019-02-14,7281.1,72.4,6.7744,186.5584,56.8098,-0.0108
2019-02-15,7323.9,68.3,6.7623,161.6334,21.938299999999998,0.033
2019-02-18,7375.0,76.4,6.7659,188.1942,47.8807,0.0008
2019-02-19,7435.0,75.1,6.7642,199.4717,16.1802,0.0028000000000000004
2019-02-20,7480.3,75.7,6.7558,187.5906,47.5817,-0.0026
2019-02-21,7517.8,77.9,6.722,207.8109,23.1807,0.0227
2019-02-22,7572.1,78.5,6.7151,208.08049999999997,59.98989999999998,0.0562
2019-02-25,7751.7,87.3,6.7131,333.303,-7.160500000000013,-0.006500000000000001
2019-02-26,7849.2,84.7,6.6952,349.50509999999997,19.92779999999999,-0.0019
2019-02-27,7947.8,83.2,6.6857,315.9791,48.75550000000001,-0.0003
2019-02-28,7965.0,80.5,6.6901,251.1135,28.399299999999997,0.0154
2019-03-01,7962.3,82.7,6.6957,263.3522,30.204199999999986,0.0159
2019-03-04,8070.4,90.1,6.7049,392.59860000000003,35.39560000000003,0.016399999999999998
2019-03-05,8203.1,89.3,6.6998,298.6729,41.574600000000004,0.0149
2019-03-06,8332.9,93.2,6.7053,299.7142,-8.346000000000004,0.0028000000000000004
2019-03-07,8495.0,90.8,6.711,241.81310000000002,-39.6991,-0.0406
2019-03-08,8551.4,82.9,6.7235,316.6005,-12.276999999999987,0.029500000000000002
2019-03-11,8684.6,85.2,6.7202,247.6585,-19.866600000000005,0.0139
2019-03-12,8772.4,88.4,6.7128,313.4266,9.972399999999993,-0.0155
2019-03-13,8811.6,86.3,6.7114,284.749,-23.47139999999999,-0.0176
2019-03-14,8800.0,82.4,6.7009,276.5766,23.328000000000017,0.013300000000000001
2019-03-15,8773.2,84.0,6.7167,282.6904,22.88520000000001,0.0264
2019-03-18,8835.8,90.5,6.7088,322.91970000000003,33.876900000000006,-0.0002
2019-03-19,8891.4,89.2,6.7062,255.21609999999998,-15.988600000000005,-0.0001
2019-03-20,8928.0,91.5,6.7101,253.99779999999998,-1.0559000000000083,0.0060999999999999995
2019-03-21,9022.8,92.1,6.685,228.928,-11.948700000000002,0.0018
2019-03-22,9016.8,89.8,6.6944,227.0917,-13.571799999999996,-0.0168
2019-03-25,9095.0,87.8,6.7098,211.5899,-107.74450000000002,-0.0192
2019-03-26,9083.3,83.1,6.7042,242.08589999999998,9.955699999999993,0.009000000000000001
2019-03-27,9105.5,85.1,6.7141,221.8362,-4.9619,-0.0091
2019-03-28,9113.9,84.6,6.7263,222.6626,-15.630299999999977,0.034
2019-03-29,9132.2,88.9,6.7335,387.58140000000003,110.9315,0.0316
2019-04-01,9214.8,96.6,6.7193,386.1885,31.18179999999998,0.0023
2019-04-02,9294.5,93.3,6.7161,307.88969999999995,-1.6143000000000143,0.011699999999999999
2019-04-03,9353.6,97.1,6.7194,319.0092,29.053400000000025,0.0076
2019-04-04,9370.1,95.5,6.7055,332.185,-14.522199999999998,-0.0024
2019-04-08,9511.4,97.9,6.7201,359.3614,-44.40760000000003,0.0033
2019-04-09,9556.0,96.6,6.7142,307.6927,-4.026199999999989,0.0005
2019-04-10,9602.8,98.2,6.711,318.66700000000003,-33.52199999999999,-0.02
2019-04-11,9599.6,92.5,6.7088,299.8856,-41.986699999999985,-0.0013
2019-04-12,9571.5,89.0,6.722,256.6707,-5.072300000000027,-0.0062
2019-04-15,9591.1,93.3,6.7112,285.8876,-22.743199999999973,0.023799999999999998
2019-04-16,9664.8,95.2,6.7097,341.9012,34.324900000000014,0.0040999999999999995
2019-04-17,9718.7,94.8,6.711,280.5608,-18.7757,-0.0048
2019-04-23,9784.9,93.4,6.7082,305.49490000000003,-64.977,0.0064
2019-04-24,9822.7,91.8,6.7205,246.85,-35.251599999999996,-0.030299999999999997
2019-04-25,9769.2,88.3,6.7307,264.139,-17.063799999999986,-0.013000000000000001
2019-04-26,9738.9,81.1,6.7307,297.5366,-10.426000000000016,-0.015300000000000001
2019-04-29,9643.0,82.0,6.731,322.3665,45.32729999999998,0.0064
2019-04-30,9524.9,73.8,6.7286,256.7562,-5.468900000000005,-0.0658
2019-05-06,9419.6,71.2,6.7344,358.9521,-56.235299999999995,0.011200000000000002
2019-05-07,9372.8,73.3,6.7614,313.523,-11.417399999999986,-0.009399999999999999
2019-05-08,9362.6,71.8,6.7596,230.4801,-49.63370000000002,-0.014199999999999999
2019-05-09,9346.8,68.1,6.7665,224.07819999999998,-56.8095,0.0363
2019-05-14,9300.2,72.9,6.8365,242.4616,-108.9967,0.0223
2019-05-15,9301.8,77.2,6.8649,233.0383,9.0745,0.0055000000000000005
2019-05-16,9299.3,79.9,6.8688,209.9136,-33.96969999999999,-0.0294
2019-05-17,9244.7,72.8,6.8859,221.45010000000002,-56.11040000000001,-0.006500000000000001
2019-05-20,9242.2,73.0,6.8988,225.13569999999999,-24.26440000000001,0.015600000000000001
2019-05-21,9252.3,76.7,6.899,178.2373,-36.84389999999999,-0.0048
2019-05-22,9234.6,76.6,6.8992,178.9389,-44.938599999999994,-0.019299999999999998
2019-05-23,9206.4,75.2,6.8994,176.5147,-41.14070000000001,-0.0027
2019-05-24,9163.7,72.6,6.8993,164.2113,-16.175399999999996,0.0199
2019-05-27,9209.0,77.1,6.8924,192.3029,-19.050200000000004,0.0059
2019-05-28,9187.6,78.3,6.8973,414.3813,55.66859999999997,0.0002
2019-05-29,9190.9,78.8,6.8988,163.1354,-32.514099999999985,-0.005600000000000001
2019-05-30,9184.5,77.6,6.899,179.99869999999999,-7.8827,-0.0015
2019-05-31,9147.9,76.7,6.8992,167.1404,-5.497700000000009,-0.0060999999999999995
2019-06-03,9131.6,77.1,6.8896,218.2563,44.0698,-0.012
2019-06-04,9095.2,73.6,6.8822,190.3537,10.642500000000013,-0.0001
2019-06-05,9073.3,76.5,6.8903,196.3228,30.578199999999995,-0.0159
2019-06-06,9017.9,71.8,6.8945,178.6624,10.785600000000002,0.012
2019-06-10,9012.8,77.0,6.8925,228.01049999999998,78.97269999999999,0.0334
2019-06-11,9029.7,83.0,6.893,270.2668,69.45960000000001,-0.0060999999999999995
2019-06-12,9047.5,79.6,6.8932,189.7935,12.860100000000003,0.0022
2019-06-13,9064.1,81.1,6.8934,175.4688,11.710400000000007,-0.013600000000000001
2019-06-14,9018.6,77.9,6.8937,209.2797,-16.382099999999994,0.0
2019-06-17,9019.0,80.1,6.894,153.7301,5.073099999999997,0.0016
2019-06-18,9006.0,80.6,6.8942,146.53719999999998,15.921599999999998,0.014199999999999999
2019-06-19,8997.7,85.0,6.8893,227.2847,49.237399999999994,0.023799999999999998
2019-06-20,9020.1,90.6,6.8805,288.132,55.649100000000004,0.0084
2019-06-21,9010.9,88.3,6.8472,343.0404,73.30499999999996,0.0009
2019-06-24,9051.0,88.5,6.8503,172.31439999999998,-19.111000000000004,-0.0101
2019-06-25,9066.8,87.3,6.858,179.7477,-32.995400000000004,-0.001
2019-06-26,9062.3,86.7,6.8701,133.6662,-12.134699999999995,0.0096
2019-06-27,9065.4,91.2,6.8778,203.754,38.38879999999999,-0.0066
2019-07-02,9083.4,94.7,6.8513,258.05330000000004,11.218100000000007,-0.0098
2019-07-03,9112.0,93.3,6.864,187.1993,-4.895300000000006,-0.0043
2019-07-04,9113.3,94.0,6.8705,185.4086,9.768200000000007,0.0049
2019-07-05,9092.4,92.5,6.8697,145.7954,4.277100000000004,-0.0277
2019-07-08,9084.9,90.7,6.8881,158.3108,-36.059,0.0005
2019-07-09,9074.7,91.1,6.8853,129.0741,-26.197999999999993,-0.004
2019-07-10,9068.1,92.6,6.8856,127.1685,-16.374100000000013,0.0004
2019-07-11,9045.5,94.1,6.8677,163.3975,24.358700000000013,0.005600000000000001
2019-07-12,9023.1,93.3,6.8662,160.1807,14.592699999999994,0.0072
2019-07-15,9046.12,96.23,6.8677,196.3585,-14.41000000000001,-0.0013
2019-07-16,9043.95,92.12,6.871,156.9622,10.091999999999999,-0.0002
2019-07-17,9053.42,93.59,6.8827,154.15589999999997,17.510499999999993,-0.0128
2019-07-18,9035.39,91.71,6.8761,158.3562,18.449700000000007,0.0085
2019-07-19,9013.58,90.75,6.8635,200.4119,61.892399999999995,-0.015600000000000001
2019-07-22,8982.5,98.13,6.8759,162.478,3.8500000000000085,0.0066
2019-07-23,8967.28,98.66,6.8818,143.13920000000002,-4.056599999999989,0.0096
2019-07-24,8974.42,103.85,6.886,173.57260000000002,20.501900000000006,0.0060999999999999995
2019-07-25,8979.12,107.94,6.8737,162.3979,19.48729999999999,0.0017000000000000001
2019-07-26,8960.02,107.84,6.8796,127.07260000000001,-13.866699999999994,-0.0007000000000000001
2019-07-29,8984.44,110.02,6.8821,143.5818,0.5897999999999897,0.0043
2019-07-30,8979.45,110.8,6.8862,164.15300000000002,24.509800000000013,-0.0075
2019-07-31,8974.65,111.25,6.8841,114.4325,-4.991599999999998,-0.0067
2019-08-01,8980.59,109.95,6.8938,155.4387,-11.508199999999988,-0.014199999999999999
2019-08-02,8946.17,108.99,6.8996,160.5419,-68.1199,-0.015300000000000001
2019-08-05,8950.15,111.22,6.9225,168.32510000000002,-34.63029999999999,-0.0173
2019-08-06,8902.54,109.29,6.9683,221.7376,-29.787300000000002,-0.0037
2019-08-07,8865.22,112.12,6.9996,153.0284,-30.504299999999986,0.0103
2019-08-08,8846.38,118.67,7.0039,180.72899999999998,25.492499999999993,-0.0105
2019-08-09,8808.17,117.83,7.0136,160.551,13.948999999999998,0.0175
2019-08-12,8817.87,122.88,7.0211,184.9408,22.391699999999986,-0.0070999999999999995
2019-08-13,8822.4,122.95,7.0326,145.9221,-24.3609,0.0051
2019-08-14,8831.48,122.91,7.0312,176.2878,11.836500000000001,0.0040999999999999995
2019-08-15,8822.42,123.19,7.0268,174.26670000000001,1.372399999999999,0.0046
2019-08-16,8822.27,116.86,7.0312,185.0738,-2.1733999999999867,0.026000000000000002
2019-08-19,8930.3,124.16,7.0365,274.3202,78.4761,0.0001
2019-08-20,8975.16,123.17,7.0454,190.61630000000002,-12.623299999999986,-0.0005
2019-08-21,9005.97,123.86,7.0433,174.6257,19.994100000000017,0.0029
2019-08-22,9039.46,125.43,7.049,175.9577,15.153299999999987,0.0031
2019-08-23,9030.21,125.98,7.0572,196.5826,11.487700000000004,-0.010700000000000001
2019-08-26,9070.05,122.93,7.057,188.44510000000002,-30.337299999999985,0.015300000000000001
2019-08-27,9087.6,128.27,7.081,477.7258,112.7098,-0.0028000000000000004
2019-08-28,9114.71,126.28,7.0835,200.7998,-7.784100000000009,-0.0018
2019-08-29,9145.53,127.39,7.0858,195.3899,3.831700000000012,-0.0046
2019-08-30,9134.56,128.83,7.0879,270.2332,67.19550000000001,0.018000000000000002
2019-09-02,9181.57,132.76,7.0883,248.92919999999998,53.09899999999999,0.0042
2019-09-03,9208.81,134.98,7.0884,202.0445,0.18659999999999854,0.0086
2019-09-04,9242.4,134.94,7.0878,266.2133,49.72879999999998,0.0095
2019-09-05,9308.75,137.86,7.0852,333.7709,91.83230000000002,0.0046
2019-09-06,9317.64,135.47,7.0855,280.6447,85.2392,0.0138
2019-09-09,9427.66,139.39,7.0851,240.34120000000001,27.854600000000005,-0.0016
2019-09-10,9480.21,137.68,7.0846,243.8931,23.78739999999999,-0.0067
2019-09-11,9510.03,140.14,7.0843,253.01839999999999,24.320199999999986,0.0079
2019-09-12,9468.39,136.64,7.0846,220.9545,32.95479999999999,-0.0002
2019-09-16,9546.55,137.87,7.0657,224.276,9.099400000000003,-0.019299999999999998
2019-09-17,9562.27,129.88,7.073,207.9932,-5.182000000000002,0.0027
2019-09-18,9574.21,131.66,7.0728,213.0718,39.2137,0.0070999999999999995
2019-09-19,9602.01,135.63,7.0732,196.1171,26.92580000000001,0.0021
2019-09-20,9577.09,135.67,7.073,466.7524,148.62340000000003,-0.009899999999999999
2019-09-23,9604.52,134.41,7.0734,200.6971,-15.31349999999999,0.003
2019-09-24,9604.28,134.31,7.0729,211.92340000000002,27.517200000000003,-0.0127
2019-09-25,9572.46,130.07,7.0724,208.7489,4.9295999999999935,-0.0171
2019-09-26,9521.32,126.15,7.0729,241.02530000000002,24.9747,0.0053
2019-09-27,9473.83,121.87,7.0731,176.77859999999998,3.1850000000000023,-0.010700000000000001
2019-09-30,9372.55,116.31,7.0729,160.7669,-6.351700000000008,0.0033
2019-10-08,9426.17,124.8,7.0726,234.8705,17.43949999999998,0.0051
2019-10-09,9441.5,127.48,7.0728,174.5745,-22.1687,0.0108
2019-10-10,9467.81,133.34,7.073,206.75619999999998,1.3632999999999953,0.0062
2019-10-11,9444.19,137.04,7.0727,216.8803,37.26140000000001,0.0129
2019-10-14,9507.62,143.07,7.0725,219.3678,27.0163,-0.0083
2019-10-15,9494.18,141.61,7.0708,205.6637,36.71249999999999,-0.0044
2019-10-16,9502.45,142.55,7.0746,202.6549,27.364199999999997,-0.0003
2019-10-17,9503.36,143.61,7.0789,172.65820000000002,17.387900000000016,-0.0134
2019-10-18,9471.23,140.02,7.069,184.4359,-12.434899999999985,-0.0007000000000000001
2019-10-21,9474.24,140.1,7.068,180.2658,29.1477,0.0073
2019-10-22,9485.34,138.26,7.0668,159.4905,2.94850000000001,-0.006500000000000001
2019-10-23,9492.18,138.49,7.0752,145.5106,-18.04570000000001,-0.0007000000000000001
2019-10-24,9504.68,135.78,7.0727,157.4945,5.604199999999992,0.0067
2019-10-25,9507.85,134.04,7.0749,194.6341,15.3767,0.0127
2019-10-28,9562.0,137.34,7.0762,212.8441,28.397000000000006,-0.0088
2019-10-29,9555.35,135.05,7.0617,205.7416,24.236300000000014,-0.0078000000000000005
2019-10-30,9553.82,133.98,7.0582,218.66559999999998,28.995299999999986,-0.0054
2019-10-31,9532.28,133.65,7.0533,262.88739999999996,73.89319999999998,0.0134
2019-11-01,9531.88,136.9,7.0437,251.8142,74.4927,0.006
2019-11-04,9551.17,139.34,7.0382,218.4746,40.848299999999995,0.0051
2019-11-05,9566.95,141.18,7.0385,249.7623,52.00480000000002,-0.0066
2019-11-06,9568.3,141.09,7.008,193.7068,7.910699999999991,0.0038
2019-11-07,9580.72,142.76,7.0008,177.49630000000002,21.096000000000004,-0.004
2019-11-08,9561.92,140.12,6.9945,203.2631,13.669299999999993,-0.0207
2019-11-11,9545.23,134.47,6.9933,184.9991,6.69959999999999,0.001
2019-11-12,9539.39,134.8,6.9988,171.1474,-0.1080999999999932,-0.0014000000000000002
2019-11-13,9549.83,136.22,7.0026,157.11630000000002,-17.63039999999998,0.004
2019-11-14,9569.14,138.21,7.0083,172.17770000000002,12.110200000000006,-0.0089
2019-11-15,9535.12,134.08,7.0091,170.76510000000002,16.842900000000014,0.0073
2019-11-18,9546.14,136.6,7.0037,159.4587,14.590500000000006,0.0134
2019-11-19,9578.01,137.52,7.003,188.2308,25.24350000000001,-0.008100000000000001
2019-11-20,9584.69,135.51,7.0118,170.4587,1.8987999999999943,-0.0029
2019-11-21,9592.18,135.36,7.0217,179.5649,6.291300000000007,-0.01
2019-11-22,9554.16,132.6,7.0306,248.1465,9.447599999999994,0.0023
2019-11-25,9550.82,134.84,7.0397,252.1135,56.364000000000004,0.001
2019-11-26,9519.62,135.56,7.0344,728.4319,214.30150000000006,-0.0018
2019-11-27,9537.52,135.54,7.0349,209.4585,24.21669999999999,-0.0031
2019-11-28,9524.76,135.33,7.0271,167.34109999999998,17.3801,-0.0045000000000000005
2019-11-29,9519.79,130.31,7.0298,187.5933,6.709999999999994,0.0019
2019-12-02,9533.57,130.9,7.0262,173.7501,27.1045,0.0046
2019-12-03,9555.75,130.69,7.0223,184.2666,34.566,0.0001
2019-12-04,9563.84,130.63,7.0382,204.81330000000003,39.57560000000001,0.0091
2019-12-05,9588.33,131.96,7.0521,210.26350000000002,60.645600000000016,0.0064
2019-12-06,9590.95,132.27,7.0383,199.2473,43.617900000000006,0.0008
2019-12-09,9626.76,132.79,7.0405,210.6699,33.90780000000001,0.0032
2019-12-10,9649.44,135.0,7.04,185.19819999999999,29.5471,-0.0011
2019-12-11,9667.31,135.19,7.0385,197.8559,23.679399999999987,-0.0022
2019-12-12,9682.06,133.29,7.0253,213.2937,65.2177,0.0163
2019-12-13,9678.4,134.67,7.0156,334.7278,52.705899999999986,0.0105
2019-12-16,9771.24,135.78,6.9915,245.43720000000002,7.000100000000003,0.0132
2019-12-17,9854.67,138.61,6.9971,332.5303,88.0653,-0.0008
2019-12-18,9929.6,138.25,6.9969,270.446,44.831,0.001
2019-12-19,9968.63,137.74,7.0025,233.1778,35.363699999999994,-0.006
2019-12-20,9946.11,134.9,7.002,264.8281,37.15320000000003,-0.016399999999999998
2019-12-23,9966.83,129.83,7.0117,235.9425,17.491500000000016,0.011200000000000002
2019-12-27,9994.82,135.96,6.9879,311.875,46.80900000000001,0.011200000000000002
2019-12-30,10054.52,139.33,6.9805,284.4801,44.27969999999999,0.0045000000000000005
2019-12-31,10054.69,137.38,6.9762,207.91230000000002,-1.6225000000000023,0.0159
2020-01-02,10106.54,143.6,6.9614,362.29409999999996,101.47049999999999,0.001
2020-01-03,10122.11,138.98,6.9681,296.80719999999997,33.60850000000002,0.0019
2020-01-06,10227.21,143.96,6.9718,346.7265,43.552099999999996,0.0103
2020-01-07,10270.87,144.59,6.969,320.1074,45.06960000000001,-0.0123
2020-01-08,10301.56,137.5,6.945,293.2199,14.229500000000002,0.013999999999999999
2020-01-09,10332.69,139.11,6.9497,341.3891,75.50580000000002,-0.0014000000000000002
2020-01-10,10320.43,135.51,6.9351,298.9432,29.582399999999993,0.011000000000000001
2020-01-13,10376.59,137.89,6.9263,333.5904,77.10470000000001,-0.0026
2020-01-14,10402.21,137.79,6.8954,302.572,34.2796,-0.004
2020-01-15,10430.76,132.06,6.8845,271.6134,10.441400000000002,-0.0029
2020-01-16,10439.07,127.13,6.8807,295.8966,38.465,-0.0004
2020-01-17,10411.3,126.22,6.8878,290.7954,35.21350000000001,0.01
2020-01-20,10450.14,127.59,6.8664,324.5315,41.92999999999999,-0.0139
2020-01-21,10444.15,120.37,6.8606,292.23789999999997,-71.28020000000001,0.0049
2020-01-22,10442.58,115.2,6.8853,326.7015,-7.639099999999985,-0.0327
2020-01-23,10269.1,100.71,6.8876,361.005,-117.618,-0.0816
2020-02-03,10155.47,82.94,6.9249,461.07230000000004,181.89390000000003,0.0174
2020-02-04,10141.07,82.21,6.9779,536.3667,49.20169999999999,0.0189
2020-02-05,10149.09,84.55,6.9823,442.6336,-3.081400000000002,0.023799999999999998
2020-02-06,10238.62,85.44,6.9985,485.7337,105.5796,0.005
2020-02-07,10273.23,84.97,6.9768,346.3678,-32.99279999999999,0.0084
2020-02-10,10325.06,92.87,6.9863,362.9491,-32.7234,0.0017000000000000001
2020-02-11,10306.07,101.84,6.9897,357.9376,10.435200000000009,0.0134
2020-02-12,10372.38,113.37,6.9718,342.3651,14.85110000000003,-0.0074
2020-02-13,10397.44,116.9,6.9785,364.13509999999997,7.911999999999978,0.0044
2020-02-14,10389.28,120.66,6.9843,344.92,43.22750000000002,0.0277
2020-02-17,10507.96,128.05,6.9795,400.01570000000004,53.62389999999999,0.0058
2020-02-18,10620.39,130.26,6.9826,332.16089999999997,-53.904700000000034,-0.0049
2020-02-19,10645.76,134.75,7.0012,406.4122,37.44640000000001,0.0207
2020-02-20,10755.69,141.54,7.0026,444.8782,38.97920000000005,0.0070999999999999995
2020-02-21,10828.06,145.64,7.021,430.7568,-11.200800000000015,0.0058
2020-02-24,10963.32,150.77,7.0246,426.17650000000003,-87.05140000000003,0.0007000000000000001
2020-02-25,11077.7,153.31,7.0232,505.83630000000005,-48.31339999999997,-0.018500000000000003
2020-02-26,11108.98,153.39,7.0126,507.1772,-67.26889999999997,0.0019
2020-02-27,11092.32,154.95,7.0215,462.2264,-39.40500000000003,-0.044500000000000005
2020-02-28,10878.6,144.33,7.0066,541.3696,-51.367999999999995,0.036000000000000004
2020-03-02,10962.82,152.38,6.9811,537.8764,41.520099999999985,0.009000000000000001
2020-03-03,11020.23,159.86,6.9516,518.4549999999999,4.802900000000022,0.0052
2020-03-04,11051.31,160.57,6.9514,445.4137,-7.804300000000012,0.019
2020-03-05,11150.44,170.14,6.9403,526.1422,48.106199999999944,-0.0103
2020-03-06,11107.98,161.97,6.9337,371.8026,-30.421100000000024,-0.035699999999999996
2020-03-09,11078.68,157.6,6.926,421.69960000000003,-143.18889999999996,0.0226
2020-03-10,11132.41,159.55,6.9389,488.20540000000005,30.95870000000005,-0.0131
2020-03-11,11113.12,163.11,6.9612,378.03819999999996,-74.65030000000002,-0.018799999999999997
2020-03-12,11079.04,160.92,6.9641,386.61350000000004,-83.8038,-0.0113
2020-03-13,10994.3,157.27,7.0033,424.8048,-147.26299999999998,-0.0435
2020-03-16,10821.18,154.57,7.0018,431.1879,-98.07479999999995,-0.0029
2020-03-17,10837.27,149.67,7.0094,401.6809,-82.3803,-0.0182
2020-03-18,10745.83,158.7,7.0328,391.1394,-71.91229999999999,-0.0031
2020-03-19,10788.89,155.1,7.0522,414.2332,-102.20349999999999,0.0147
2020-03-20,10730.73,158.49,7.1052,433.6083,16.866299999999995,-0.0381
2020-03-23,10631.96,155.68,7.094,326.3896,-79.99260000000001,0.0229
2020-03-24,10623.63,159.62,7.0999,383.2354,39.87140000000002,0.0256
2020-03-25,10636.51,171.0,7.0742,387.2508,25.038600000000002,-0.0077
2020-03-26,10594.65,175.13,7.0692,299.151,-13.575099999999992,-0.0013
2020-03-27,10537.05,176.01,7.0427,344.1838,34.13730000000001,-0.0158
2020-03-30,10500.49,172.15,7.0447,341.9283,-1.25690000000003,0.0023
2020-03-31,10474.06,177.14,7.0851,322.91200000000003,16.498500000000007,-0.0039000000000000003
2020-04-01,10429.78,181.84,7.0771,336.9937,42.34999999999998,0.020099999999999996
2020-04-02,10443.17,185.73,7.0995,343.7789,43.31760000000003,-0.0059
2020-04-03,10374.73,181.9,7.1104,278.1175,-19.43180000000001,0.0271
2020-04-07,10429.54,190.91,7.0939,447.8108,126.73759999999999,-0.0012
2020-04-08,10426.24,194.14,7.0483,288.49830000000003,-34.52699999999997,0.0063
2020-04-14,10376.56,204.99,7.0406,496.608,142.2898,-0.0060999999999999995
2020-04-15,10378.34,203.26,7.0402,341.3441,33.54390000000001,0.004
2020-04-16,10399.64,203.04,7.0714,320.2837,38.1451,0.0053
2020-04-17,10376.81,204.98,7.0718,430.7184,86.2363,0.008
2020-04-20,10414.03,210.17,7.0657,304.0432,0.4993000000000052,-0.0088
2020-04-21,10424.63,210.56,7.0752,280.9211,-27.525200000000012,0.0086
2020-04-22,10454.75,216.9,7.0903,299.494,11.780599999999993,-0.0038
2020-04-23,10453.31,218.8,7.0887,302.4857,6.910500000000013,-0.0129
2020-04-24,10388.1,214.26,7.0803,293.5925,32.49749999999999,0.0016
2020-04-27,10368.86,217.32,7.0703,320.06100000000004,39.38590000000002,-0.0029
2020-04-28,10326.17,218.15,7.071,366.02790000000005,10.366900000000015,0.0016
2020-05-06,10334.91,222.77,7.069,513.4528,11.403500000000008,-0.0022
2020-05-07,10394.43,229.37,7.0931,339.8786,-31.484199999999987,0.011000000000000001
2020-05-08,10409.4,233.46,7.0788,388.1912,48.65050000000002,-0.0015
2020-05-11,10471.06,239.5,7.0769,377.4212,26.475600000000014,0.001
2020-05-12,10500.51,240.49,7.0919,345.1921,17.49939999999998,0.004
2020-05-13,10531.33,247.24,7.0875,294.1538,-2.0464000000000055,-0.0096
2020-05-14,10548.57,248.72,7.0948,274.8635,-13.248100000000008,0.0009
2020-05-15,10542.94,248.54,7.0936,294.1858,11.94380000000001,-0.0012
2020-05-18,10552.81,252.11,7.103,381.0099,34.038700000000034,0.0108
2020-05-19,10588.8,257.08,7.0912,317.9517,36.99049999999998,-0.0073
2020-05-20,10588.37,255.13,7.0956,338.338,20.385599999999997,-0.0084
2020-05-21,10581.94,252.73,7.0868,317.0791,21.310299999999998,-0.0203
2020-05-22,10532.63,246.64,7.0939,301.6237,-33.2551,0.0001
2020-05-25,10534.85,245.05,7.1209,274.27139999999997,21.453099999999992,0.0169
2020-05-26,10559.29,251.14,7.1293,291.8129,38.854800000000026,-0.006500000000000001
2020-05-27,10554.65,254.42,7.1092,294.7811,12.884699999999995,0.0005
2020-05-28,10546.25,258.56,7.1277,333.2476,28.18289999999996,0.0060999999999999995
2020-05-29,10518.88,261.01,7.1316,438.3722,51.07170000000002,0.0281
2020-06-01,10619.97,268.99,7.1315,469.9693,104.85640000000001,0.0027
2020-06-02,10661.33,269.05,7.1167,422.303,19.286800000000028,0.0003
2020-06-03,10688.97,268.6,7.1074,415.2786,44.141999999999996,0.0009
2020-06-04,10708.32,269.03,7.1012,347.3856,28.834699999999998,0.003
2020-06-05,10698.18,267.7,7.0965,321.183,43.39459999999998,0.0014000000000000002
2020-06-08,10743.24,270.2,7.0882,371.1866,6.142399999999981,0.0062
2020-06-09,10760.35,272.06,7.0711,348.4714,46.28500000000001,-0.0002
2020-06-10,10780.76,273.51,7.0703,329.7187,4.224099999999993,-0.0062
2020-06-11,10809.74,274.84,7.0608,371.8718,1.4517999999999915,0.0014000000000000002
2020-06-12,10807.4,271.28,7.0865,433.55219999999997,-8.950099999999992,-0.0067
2020-06-15,10850.39,272.66,7.0902,400.0858,-40.70179999999999,0.0167
2020-06-16,10921.92,280.1,7.0755,397.38120000000004,39.70390000000002,0.0026
2020-06-17,10958.01,289.09,7.0873,341.7174,-27.214200000000005,0.0026
2020-06-18,11006.76,296.31,7.0903,411.42539999999997,49.56569999999999,0.010700000000000001
2020-06-19,11007.36,297.11,7.0913,658.7048,182.33360000000005,0.0021
2020-06-22,11114.27,303.24,7.0865,434.6387,21.823699999999974,0.0036
2020-06-23,11155.66,311.82,7.0671,418.4683,7.524799999999999,0.0024
2020-06-24,11104.95,309.96,7.0555,402.60400000000004,18.5582,-0.005600000000000001
2020-06-29,11193.71,309.53,7.0808,403.8646,-14.468999999999994,0.0155
2020-07-02,11550.08,351.27,7.0566,831.4258,171.15089999999998,0.015600000000000001
2020-07-03,11667.63,359.39,7.0638,746.5275,131.93880000000001,0.049
2020-07-06,12035.02,379.02,7.0663,931.5256999999999,136.5222,0.0101
2020-07-07,12299.23,382.38,7.031,1005.0101999999999,98.43849999999998,0.0192
2020-07-08,12606.69,402.9,7.0207,819.1285,11.53290000000004,0.0202
2020-07-09,12846.43,414.57,7.0085,838.808,79.51409999999998,-0.0105
2020-07-10,13013.41,405.67,6.9943,750.6587999999999,-43.93119999999999,0.0276
2020-07-13,13318.77,424.41,6.9965,846.4888,68.50349999999997,-0.0092
2020-07-14,13449.75,423.86,6.9996,754.1228,-173.8415,-0.018799999999999997
2020-07-15,13464.56,420.96,6.9982,776.3208999999999,-27.05619999999999,-0.0484
2020-07-16,13418.93,405.43,6.9913,865.5684,-69.2036,0.0046
2020-07-17,13347.91,411.86,7.0043,734.8214,10.434200000000033,0.0304
2020-07-20,13445.18,440.52,6.9928,722.6003000000001,-58.989599999999996,0.0040999999999999995
2020-07-21,13448.76,453.07,6.9862,677.6794,-30.112400000000036,0.006
2020-07-22,13503.42,470.46,6.9718,726.9302,41.70260000000002,-0.0006
2020-07-23,13580.46,480.24,6.9921,687.5648,-36.536099999999976,-0.045599999999999995
2020-07-24,13411.2,464.44,6.9938,735.5777,-163.57390000000004,0.0026
2020-07-27,13449.25,470.67,7.0029,618.6203,-15.143199999999979,0.0101
2020-07-28,13458.46,486.09,6.9895,555.8794,-22.328000000000003,0.0259
2020-07-29,13583.03,508.88,6.9969,677.8248,77.31349999999998,-0.0033
2020-07-30,13652.47,515.68,6.9902,561.5136,-63.380799999999965,0.0111
2020-07-31,13719.47,526.91,6.9848,635.8149000000001,-19.031600000000026,0.0225
2020-08-03,13940.82,550.82,6.998,640.9808,-1.9528000000000247,-0.003
2020-08-04,13979.43,555.09,6.9803,656.1746,21.366499999999974,0.0059
2020-08-05,14087.26,573.73,6.9752,580.7533000000001,-19.81069999999994,-0.0015
2020-08-06,14126.37,592.02,6.9438,620.1722,-25.47509999999994,-0.0123
2020-08-07,14036.33,598.79,6.9408,616.4428,-18.62270000000001,0.0039000000000000003
2020-08-10,14083.37,616.34,6.9649,586.7111,0.0736999999999739,-0.013999999999999999
2020-08-11,14028.31,608.08,6.9711,622.8741,39.482200000000006,-0.0091
2020-08-12,13990.55,611.65,6.9597,631.4497,-16.377399999999966,0.0006
2020-08-13,14005.6,620.82,6.9429,479.0531,-20.82170000000002,0.012199999999999999
2020-08-14,13937.09,621.18,6.9405,501.43719999999996,64.29069999999999,0.0209
2020-08-17,14100.1,642.64,6.9362,656.6553,57.134299999999996,0.0034000000000000002
2020-08-18,14172.15,643.91,6.9325,575.1548,-20.377200000000073,-0.017
2020-08-19,14170.16,642.93,6.9168,317.155,-61.336299999999994,-0.0123
2020-08-20,14156.56,637.64,6.9274,539.3755,-28.324799999999982,0.0078000000000000005
2020-08-21,14138.52,644.8,6.9107,497.395,11.267899999999969,0.0075
2020-08-24,14200.88,659.19,6.9194,550.5262,19.473199999999963,-0.0016
2020-08-25,14189.53,662.85,6.9183,509.657,17.380200000000002,-0.0168
2020-08-26,14126.18,656.97,6.9079,524.4594999999999,-11.77279999999999,0.0085
2020-08-27,14145.5,670.02,6.8903,451.35249999999996,-10.049800000000033,0.0182
2020-08-28,14157.74,689.18,6.8891,585.5382999999999,64.42779999999999,-0.0028000000000000004
2020-08-31,14256.66,698.05,6.8605,657.0695000000001,-80.2602,0.0054
2020-09-01,14282.91,707.0,6.8498,462.4965,-2.9992999999999483,0.0014000000000000002
2020-09-02,14362.84,726.03,6.8376,478.6759,-66.14259999999996,-0.0072
2020-09-03,14361.28,735.51,6.8319,499.25640000000004,-10.03819999999996,-0.0059
2020-09-04,14332.72,731.62,6.8359,435.32759999999996,-63.17609999999999,-0.019799999999999998
2020-09-07,14314.0,722.33,6.8386,510.5648,-54.653899999999965,0.0059
2020-09-08,14296.24,731.47,6.8364,515.9402,63.50659999999999,-0.0263
2020-09-09,14254.08,717.55,6.8423,504.5458,-37.58159999999995,-0.015
2020-09-10,14144.25,719.07,6.8331,490.404,9.988699999999994,0.0125
2020-09-11,14112.89,730.81,6.8389,430.2336,12.90930000000003,0.009300000000000001
2020-09-14,14131.99,750.72,6.8361,421.98080000000004,-31.433299999999974,0.0067
2020-09-15,14140.54,769.54,6.8222,429.4117,33.211700000000036,-0.0067
2020-09-16,14132.34,779.45,6.7825,452.24070000000006,7.420100000000048,-0.0012
2020-09-17,14155.24,793.15,6.7675,439.6407,4.390099999999961,0.0183
2020-09-18,14167.45,818.69,6.7591,611.9921999999999,94.73559999999995,-0.006
2020-09-21,14179.7,825.87,6.7595,397.9615,-64.95770000000002,-0.0126
2020-09-22,14174.6,835.63,6.7872,394.4222,-20.017899999999997,0.0049
2020-09-23,14199.14,858.33,6.7986,364.3835,-27.5282,-0.0223
2020-09-24,14186.23,849.38,6.8028,357.4457,-121.67860000000002,-0.0017000000000000001
2020-09-25,14141.52,849.01,6.8121,344.83590000000004,-12.92009999999999,-0.0049
2020-09-28,14090.67,853.96,6.8252,332.2577,-10.7894,0.0060999999999999995
2020-09-29,14052.91,850.99,6.8171,354.22979999999995,-0.9394000000000347,-0.0011
2020-09-30,13885.96,835.95,6.8101,364.2822,-29.03910000000002,0.024900000000000002
2020-10-09,13994.57,860.7,6.7796,599.5793,112.66840000000002,0.0305
2020-10-12,14113.5,910.05,6.7126,654.8656,135.0999,0.0034000000000000002
2020-10-14,14268.0,946.3,6.7473,577.4200999999999,-15.546800000000019,-0.005
2020-10-15,14279.01,966.15,6.7374,426.8669,-3.3314000000000306,-0.0019
2020-10-16,14238.2,973.87,6.7332,430.61609999999996,-5.028899999999993,-0.0073
2020-10-19,14256.76,981.63,6.701,406.8618,-32.43039999999996,0.009000000000000001
2020-10-20,14283.8,998.37,6.693,378.9764,-11.125199999999978,-0.006999999999999999
2020-10-21,14274.75,1013.24,6.6781,356.2247,-69.22400000000002,-0.0039000000000000003
2020-10-22,14292.39,1001.66,6.6556,368.3354,-27.478100000000012,-0.0147
2020-10-27,14171.78,992.59,6.6989,463.8808,-46.3691,0.0051
2020-10-28,14199.1,1014.73,6.7195,430.2129,1.8636999999999944,0.0034999999999999996
2020-10-29,14224.17,1036.0,6.726,474.7424,17.8639,-0.0191
2020-10-30,14148.41,1036.61,6.7232,494.919,-56.73440000000002,0.004699999999999999
2020-11-02,14163.35,1053.82,6.705,500.52660000000003,30.804699999999997,0.0151
2020-11-03,14193.65,1081.87,6.6957,485.3018,31.213799999999992,0.0031
2020-11-04,14230.03,1098.68,6.6771,417.8202,2.3597000000000037,0.016
2020-11-05,14284.43,1116.02,6.6895,534.9017,109.97139999999999,-0.004699999999999999
2020-11-06,14285.03,1117.53,6.629,532.4975,39.809799999999996,0.0212
2020-11-09,14393.2,1144.89,6.6123,710.3084,196.9918,-0.0078000000000000005
2020-11-10,14416.99,1151.05,6.5897,546.863,-41.09790000000001,-0.0128
2020-11-11,14400.2,1137.9,6.607,536.6777999999999,-9.298100000000034,0.0017000000000000001
2020-11-12,14396.37,1145.27,6.6236,454.1803,-5.068000000000012,-0.0054
2020-11-13,14388.97,1144.24,6.6285,445.0526,-49.3973,0.0097
2020-11-16,14443.3,1163.1,6.6048,475.36789999999996,25.894900000000007,-0.0053
2020-11-17,14458.64,1173.79,6.5762,502.1915,0.5333000000000254,-0.0001
2020-11-18,14474.16,1177.69,6.5593,498.4898,-0.14179999999998927,0.006
2020-11-19,14463.48,1176.15,6.5484,431.8904,4.384799999999984,0.005
2020-11-20,14451.36,1181.58,6.5786,418.1283,24.433200000000028,0.0088
2020-11-23,14541.46,1195.34,6.5719,570.7269,100.5118,-0.0031
2020-11-24,14586.78,1183.66,6.5809,454.99519999999995,-1.375,-0.0147
2020-11-25,14604.38,1162.78,6.5749,456.7693,-15.688300000000027,-0.001
2020-11-26,14573.22,1163.27,6.578,447.1074,60.2894,0.0068000000000000005
2020-11-27,14524.15,1177.6,6.5755,408.1914,24.764800000000008,-0.0033
2020-11-30,14571.4,1174.87,6.5782,755.8951,49.394499999999994,0.0182
2020-12-01,14629.62,1189.73,6.5921,622.1571,162.92810000000003,0.0012
2020-12-02,14695.0,1196.39,6.5611,487.5872,-40.24840000000003,-0.0014000000000000002
2020-12-03,14701.14,1177.78,6.5592,479.1664,35.94420000000002,0.0027
2020-12-04,14690.68,1175.01,6.5507,443.7595,37.38510000000002,-0.005600000000000001
2020-12-07,14739.76,1161.56,6.5362,427.1961,-11.601200000000034,-0.0011
2020-12-08,14740.39,1158.01,6.532,426.5897,66.75649999999999,-0.0154
2020-12-09,14691.36,1146.07,6.5311,440.8052,38.89899999999997,0.0007000000000000001
2020-12-10,14685.7,1153.27,6.5476,425.1203,15.216099999999983,-0.0118
2020-12-11,14638.61,1143.29,6.5405,514.8607999999999,-39.67820000000006,0.009399999999999999
2020-12-14,14667.01,1160.67,6.5361,412.3147,2.228199999999987,0.0017000000000000001
2020-12-15,14669.12,1175.13,6.5434,441.0994,-3.501100000000008,-0.0023
2020-12-16,14674.67,1191.12,6.5355,397.052,19.154200000000003,0.011200000000000002
2020-12-17,14702.2,1217.31,6.5362,504.1128,80.578,-0.0033
2020-12-18,14715.99,1224.93,6.5315,493.35220000000004,-13.624099999999999,0.013000000000000001
2020-12-21,14776.41,1239.09,6.5507,516.4235,78.60739999999998,-0.0182
2020-12-22,14784.94,1232.97,6.5387,484.3252,-35.856899999999996,0.008199999999999999
2020-12-23,14823.87,1254.1,6.5558,503.6969,43.3861,-0.0085
2020-12-28,14857.7,1294.71,6.5236,543.5577,-4.081400000000031,-0.0055000000000000005
2020-12-29,14795.04,1295.06,6.5451,508.2209,44.71199999999996,0.0126
2020-12-30,14830.65,1333.55,6.5325,521.3977,64.4008,0.0177
2020-12-31,14819.95,1369.73,6.5249,551.836,30.7843,0.0158
2021-01-04,15059.72,1379.13,6.5408,673.2641,-5.4191000000000145,0.0113
2021-01-05,15155.43,1401.1,6.476,747.1939,-44.443700000000035,0.0017000000000000001
2021-01-06,15211.31,1420.56,6.4604,702.5237,2.359200000000044,0.0043
2021-01-07,15274.53,1455.16,6.4608,715.557,32.63069999999999,-0.0026
2021-01-08,15263.85,1462.06,6.4708,902.384,206.14620000000002,-0.013300000000000001
2021-01-11,15288.28,1447.74,6.4764,776.982,8.935800000000029,0.0212
2021-01-12,15370.58,1473.84,6.4823,708.702,84.44839999999999,-0.0070999999999999995
2021-01-13,15402.3,1458.29,6.4605,769.1997,27.121500000000026,-0.0121
2021-01-14,15386.48,1439.73,6.4746,747.7787000000001,51.07040000000001,0.0014000000000000002
2021-01-15,15365.06,1436.15,6.4633,746.6764000000001,8.01339999999999,0.0134
2021-01-18,15444.76,1447.61,6.4845,634.9652,16.36590000000001,-0.01
2021-01-19,15480.2,1432.11,6.4883,702.546,9.184599999999989,0.0087
2021-01-20,15528.67,1456.26,6.4836,613.3390999999999,33.942499999999995,0.0134
2021-01-21,15608.8,1486.29,6.4696,690.2426,56.77909999999997,0.0001
2021-01-22,15603.03,1481.48,6.4617,640.9021,-20.197799999999972,0.0027
2021-01-25,15664.86,1491.13,6.4819,753.0866,19.309999999999945,-0.0183
2021-01-26,15602.61,1461.65,6.4847,653.1531,-35.41199999999998,0.0023
2021-01-27,15595.69,1464.58,6.4665,601.5697,-12.547300000000007,-0.0239
2021-01-28,15551.66,1428.23,6.4845,571.0246,-64.04570000000001,-0.0086
2021-01-29,15401.83,1422.39,6.4709,647.8053,25.328299999999956,0.009300000000000001
2021-02-01,15382.58,1422.5,6.4623,576.8002,34.59200000000004,0.0123
2021-02-02,15382.31,1442.01,6.4736,633.5054,32.808700000000044,-0.0063
2021-02-03,15370.19,1441.02,6.4669,652.6487,34.22990000000004,-0.0078000000000000005
2021-02-04,15280.26,1427.59,6.4605,676.5617,67.70570000000004,-0.0054
2021-02-05,15177.19,1417.26,6.471,652.4775,83.92529999999996,0.0125
2021-02-08,15142.85,1425.71,6.4678,649.4222,79.29700000000005,0.0216
2021-02-09,15167.32,1437.77,6.4533,601.7291,26.236099999999965,0.0158
2021-02-10,14987.39,1409.34,6.4391,604.9846,-17.801800000000014,0.0022
2021-02-18,15217.05,1430.53,6.4536,880.4428,50.73480000000001,0.0075
2021-02-19,15277.08,1442.98,6.4624,822.7488,95.52619999999996,-0.018600000000000002
2021-02-22,15404.16,1414.98,6.4563,807.6239,-11.139500000000055,-0.0037
2021-02-23,15386.67,1423.88,6.4516,710.4569,6.5077,-0.019299999999999998
2021-02-24,15394.43,1405.66,6.4615,775.6621,-6.732399999999984,0.0005
2021-02-25,15375.78,1427.33,6.4522,677.8768,-7.3245000000000005,-0.019299999999999998
2021-02-26,15303.41,1396.67,6.4713,757.8897999999999,-56.32060000000001,0.0187
2021-03-01,15341.08,1436.37,6.4754,616.4429,37.864599999999996,-0.01
2021-03-02,15362.06,1435.36,6.4625,599.8987,-67.90620000000001,0.0166
2021-03-03,15361.48,1467.78,6.4565,594.0263,90.10299999999998,-0.0254
2021-03-04,15326.57,1423.67,6.4758,622.7090000000001,-73.69139999999999,-0.0005
2021-03-05,15262.61,1418.2,6.4904,640.2046,5.266999999999939,-0.028300000000000002
2021-03-08,15249.39,1382.81,6.4795,592.6485,-85.88849999999996,-0.023700000000000002
2021-03-09,15167.33,1347.94,6.5338,763.1466,24.310400000000016,0.001
2021-03-10,15100.27,1361.53,6.5106,603.2293999999999,52.25019999999998,0.024300000000000002
2021-03-11,15124.78,1413.04,6.497,597.1032,67.19400000000002,0.0031
2021-03-12,15078.02,1432.36,6.4845,572.7377,8.27150000000006,-0.0158
2021-03-15,15115.85,1406.87,6.501,588.4958,36.8698,0.0088
2021-03-16,15098.26,1411.65,6.5029,522.072,55.72369999999998,0.0051
2021-03-17,15108.01,1417.9,6.4978,490.7384,1.6473000000000297,0.006500000000000001
2021-03-18,15092.85,1433.72,6.4859,506.9122,33.15410000000003,-0.0182
2021-03-19,15074.9,1407.1,6.5098,578.9482,-40.31570000000005,0.0123
2021-03-22,15127.04,1438.03,6.5191,536.6617,71.63119999999995,-0.0105
2021-03-23,15113.14,1425.61,6.5036,448.9614,-71.83910000000003,-0.0143
2021-03-24,15117.72,1406.87,6.5228,512.8118,50.057500000000005,-0.0006
2021-03-25,15078.53,1405.82,6.5282,465.9935,27.48509999999996,0.0199
2021-03-26,15055.35,1436.97,6.5376,562.6191,64.30140000000003,0.0019
2021-03-29,15072.57,1453.11,6.5416,476.8194,-58.42460000000003,0.0052
2021-03-30,15074.95,1464.97,6.5641,491.7917,38.07220000000001,-0.0055000000000000005
2021-03-31,15096.84,1450.42,6.5713,417.30449999999996,-79.0316,0.0098
2021-04-07,15164.38,1481.46,6.5384,545.2171000000001,-28.15829999999994,-0.0002
2021-04-08,15170.44,1494.93,6.5463,417.22090000000003,-17.029200000000003,-0.0091
2021-04-09,15148.24,1484.89,6.5409,394.02470000000005,-8.071499999999986,-0.016399999999999998
2021-04-12,15139.28,1462.65,6.5578,469.5343,43.04219999999998,-0.0029
2021-04-13,15086.18,1465.21,6.5454,467.9098,84.7105,0.0105
2021-04-14,15098.86,1474.12,6.5362,428.0733,57.313799999999986,-0.0048
2021-04-15,15107.76,1471.98,6.5297,383.0516,-9.501100000000008,0.0072
2021-04-16,15085.43,1482.26,6.5288,447.25440000000003,71.5256,0.021099999999999997
2021-04-19,15133.31,1517.87,6.5233,580.8941,163.15679999999998,-0.0015
2021-04-20,15157.51,1520.02,6.5103,455.5072,-4.974799999999959,0.0011
2021-04-21,15169.88,1518.88,6.5046,410.79290000000003,-10.567099999999982,0.0014000000000000002
2021-04-22,15200.22,1522.11,6.4902,425.5947,-15.966800000000006,0.0044
2021-04-23,15159.59,1532.98,6.4934,487.6827,78.59460000000001,-0.0084
2021-04-26,15190.6,1519.67,6.4913,536.5004,32.041000000000025,-0.0001
2021-04-27,15166.1,1520.46,6.4924,460.5122,35.12349999999998,0.0059
2021-04-28,15181.1,1525.04,6.4853,470.1341,20.079199999999986,0.004
2021-04-29,15155.19,1540.13,6.4715,525.0998,50.87640000000005,-0.004699999999999999
2021-04-30,15025.21,1516.93,6.4672,577.4896,-16.122000000000014,-0.006
2021-05-06,15111.31,1499.29,6.4895,663.8964,1.842899999999986,-0.012
2021-05-07,15096.5,1487.95,6.4678,565.5744,3.8044000000000437,0.002
2021-05-10,15149.38,1493.22,6.4425,517.1556,45.26679999999999,0.0036
2021-05-11,15166.87,1505.38,6.4254,474.28189999999995,-47.807500000000005,0.0074
2021-05-12,15203.02,1513.36,6.4258,428.88620000000003,-4.2812000000000126,-0.0092
2021-05-13,15220.67,1494.05,6.4612,405.6157,-56.39520000000002,0.018500000000000003
2021-05-14,15226.44,1531.1,6.4525,533.3719,90.33539999999999,0.0091
2021-05-17,15272.97,1550.81,6.4307,516.5733,25.78030000000004,0.0021
2021-05-20,15397.77,1535.61,6.4464,549.7439999999999,-15.245700000000056,-0.0053
2021-05-21,15390.9,1517.47,6.43,455.7802,-5.783100000000019,0.005
2021-05-24,15448.74,1518.02,6.4408,451.1862,18.862300000000005,0.0218
2021-05-25,15442.49,1551.16,6.4283,720.4637,217.23330000000004,0.0012
2021-05-26,15497.18,1547.43,6.4099,559.2918999999999,91.0324,0.006500000000000001
2021-05-27,15564.82,1552.43,6.403,769.5740000000001,146.2735,-0.0019
2021-05-28,15593.97,1556.32,6.3858,535.144,-5.262499999999989,0.0089
2021-05-31,15695.52,1569.5,6.3682,552.0425,52.108000000000004,0.0033
2021-06-01,15775.14,1573.27,6.3572,545.7891,11.026699999999977,-0.0098
2021-06-02,15789.13,1536.4,6.3773,491.2022,-20.13839999999999,-0.0043
2021-06-03,15799.88,1519.66,6.3811,493.5457,15.211400000000026,0.0053
2021-06-04,15773.92,1516.78,6.4072,538.7005,30.669700000000034,0.0024
2021-06-07,15850.8,1510.94,6.3963,447.9902,-39.71769999999998,-0.0067
2021-06-08,15857.14,1488.41,6.3909,542.8888,3.0082000000000164,0.0019
2021-06-09,15865.1,1479.92,6.3956,486.3062,28.13730000000001,0.0088
2021-06-10,15910.66,1499.9,6.3972,572.3899,68.20300000000003,-0.0055000000000000005
2021-06-11,15871.54,1481.9,6.3856,680.0817,-30.320699999999988,-0.0095
2021-06-15,15943.8,1462.75,6.407,521.745,-51.53690000000003,-0.0176
2021-06-16,15893.15,1443.87,6.4078,532.9286,-4.0516999999999825,0.009000000000000001
2021-06-17,15922.43,1476.89,6.4298,501.18469999999996,15.937099999999958,0.0058
2021-06-18,15949.15,1485.45,6.4361,632.1141,-10.3981,0.0044
2021-06-21,16019.4,1487.55,6.4546,555.2223,-20.091300000000018,0.0060999999999999995
2021-06-22,16081.14,1509.11,6.4613,541.5919,-24.12949999999998,0.0066
2021-06-23,16116.5,1530.83,6.4621,620.4263000000001,81.98480000000004,-0.0025
2021-06-24,16128.9,1530.06,6.4824,540.8148,30.971799999999973,0.0118
2021-06-25,16118.08,1559.12,6.4744,659.9601,141.0305,0.004699999999999999
2021-06-28,16207.9,1564.11,6.4578,277.21799999999996,-40.5531,-0.0083
2021-06-29,16246.87,1546.58,6.4567,527.8593,-31.39220000000003,0.0089
2021-07-02,16160.33,1522.24,6.4712,626.9678,-86.02519999999998,0.0063
2021-07-05,16223.55,1539.4,6.4695,593.6375,59.18949999999998,-0.0015
2021-07-06,16222.19,1537.65,6.4613,651.8322000000001,-0.601600000000019,0.013500000000000002
2021-07-07,16291.25,1569.65,6.4762,629.8462999999999,43.726699999999994,-0.0049
2021-07-08,16336.52,1570.91,6.4705,633.2411,-17.010599999999954,0.001
2021-07-09,16355.47,1572.01,6.4755,645.4341,-2.1123999999999796,0.0154
2021-07-12,16445.32,1599.18,6.4785,681.01,16.42040000000003,0.0040999999999999995
2021-07-13,16498.0,1594.41,6.4757,667.5446,25.787900000000036,-0.0109
2021-07-14,16504.86,1566.45,6.4806,622.1267,-108.05850000000004,0.0083
2021-07-15,16500.88,1580.22,6.464,714.6851,123.98170000000005,-0.008199999999999999
2021-07-16,16469.37,1569.08,6.4705,626.9148,-41.44439999999997,-0.0006
2021-07-19,16485.85,1559.42,6.47,665.5416,43.74139999999994,0.0015
2021-07-20,16504.47,1559.02,6.4855,565.6212,30.63829999999996,0.0129
2021-07-21,16590.0,1576.21,6.4835,644.7274,31.17180000000002,0.0042
2021-07-22,16663.45,1596.16,6.4651,695.0017,59.26640000000003,-0.0108
2021-07-23,16649.92,1583.98,6.465,674.1476,-46.594899999999996,-0.0225
2021-07-26,16679.01,1548.91,6.4763,780.1197999999999,-128.01730000000003,-0.030299999999999997
2021-07-27,16599.99,1513.19,6.4734,851.8489,-41.71889999999996,-0.0068000000000000005
2021-07-28,16443.58,1508.79,6.4929,899.9513,80.52820000000003,0.0258
2021-07-29,16483.03,1555.39,6.4942,797.1686,42.279600000000016,-0.0014000000000000002
2021-07-30,16473.72,1555.72,6.4602,778.1156,22.471599999999967,0.021
2021-08-02,16588.69,1583.85,6.466,885.3336999999999,51.838599999999985,-0.0062
2021-08-03,16576.2,1577.13,6.461,788.7173,17.99150000000003,0.015300000000000001
2021-08-04,16658.46,1609.26,6.4655,729.4371,55.45740000000001,-0.005
2021-08-05,16701.34,1616.0,6.4691,661.0014,-19.653200000000027,-0.0017000000000000001
2021-08-06,16706.77,1619.12,6.4625,630.3955,-4.744000000000028,0.0073
2021-08-09,16770.03,1627.98,6.484,695.4069,44.66129999999998,0.0105
2021-08-10,16784.82,1642.01,6.4842,696.905,10.417099999999948,0.0009
2021-08-11,16856.99,1645.15,6.4831,613.2925,-28.15259999999995,-0.0025
2021-08-12,16925.77,1650.62,6.4754,597.3129,-1.7831999999999653,-0.0033
2021-08-13,16897.66,1641.8,6.4799,608.8487,-12.380899999999968,-0.0040999999999999995
2021-08-16,16912.27,1636.11,6.4717,618.0357,62.016099999999994,-0.0229
2021-08-17,16825.98,1596.94,6.4765,675.632,14.74109999999996,0.0102
2021-08-18,16838.79,1633.19,6.4915,663.2581,34.32499999999999,-0.001
2021-08-19,16820.69,1636.13,6.4853,604.4407,-107.8313,-0.0108
2021-08-20,16794.51,1616.25,6.4984,671.1793,-108.16020000000003,0.0192
2021-08-23,16932.87,1652.83,6.4969,666.2065,18.31310000000002,0.0096
2021-08-24,16981.43,1672.33,6.4805,728.7586,53.15039999999999,0.0054
2021-08-25,17020.81,1678.54,6.4728,664.0437,34.186500000000024,-0.0139
2021-08-26,17058.25,1646.91,6.473,666.3632,12.290599999999984,0.0040999999999999995
2021-08-27,17013.97,1655.71,6.4863,658.8525,62.030399999999986,0.0014000000000000002
2021-08-30,17084.69,1645.05,6.4677,764.8171,18.867399999999975,-0.0009
2021-08-31,17066.52,1648.13,6.4679,906.5702,61.469799999999964,-0.0005
2021-09-01,17080.14,1654.43,6.468,970.7487000000001,76.88000000000005,0.0068000000000000005
2021-09-02,17106.83,1671.56,6.4594,814.21,51.36899999999997,-0.0055000000000000005
2021-09-03,17043.09,1671.02,6.4577,854.3685,70.6805,0.0155
2021-09-06,17130.19,1700.8,6.4529,800.2794,33.80649999999997,0.0141
2021-09-07,17200.93,1730.25,6.4533,700.4904,60.68610000000001,-0.0003
2021-09-08,17308.39,1718.15,6.4674,683.7551,-16.179500000000075,0.0016
2021-09-09,17396.37,1721.21,6.4615,676.4784,26.1515,0.0045000000000000005
2021-09-10,17414.96,1737.44,6.4566,779.5098,36.189299999999946,-0.0002
2021-09-13,17527.24,1731.13,6.4497,658.0074999999999,-38.243600000000015,-0.009899999999999999
2021-09-14,17543.12,1701.66,6.45,698.8770999999999,-41.28269999999998,-0.0015
2021-09-15,17583.61,1682.47,6.4492,670.8488,21.395100000000014,-0.0182
2021-09-16,17478.4,1642.81,6.433,790.8603,-30.14160000000004,0.0036
2021-09-23,17413.97,1640.61,6.4749,788.7366,-43.091200000000015,-0.0079
2021-09-24,17319.49,1632.47,6.4599,700.8987999999999,27.304899999999975,-0.0116
2021-09-27,17193.79,1611.89,6.4695,758.3093,14.77049999999997,0.0008
2021-09-28,17161.08,1611.92,6.4608,633.2724000000001,47.859099999999955,-0.0202
2021-09-29,17054.15,1571.67,6.4662,628.5802,-2.668200000000013,0.0154
2021-09-30,16853.08,1561.2,6.4854,569.6591,9.70459999999997,0.0072
2021-10-08,16961.13,1580.4,6.4604,735.1499,-25.717600000000004,-0.0018
2021-10-11,16995.55,1586.19,6.4479,559.7139999999999,1.8723999999999705,-0.0154
2021-10-12,16955.97,1571.36,6.4447,562.4451,-13.7851,0.0101
2021-10-15,16892.64,1617.62,6.4386,705.4413999999999,26.92629999999997,-0.0004
2021-10-18,16965.76,1619.0,6.43,527.6183,-80.18450000000007,0.008
2021-10-19,16997.86,1635.59,6.4307,530.0308,39.06480000000002,-0.0008
2021-10-20,17046.7,1635.88,6.4069,529.9272,40.79449999999997,0.0
2021-10-21,17047.32,1628.36,6.389,570.0198,101.53990000000002,-0.0016
2021-10-22,16986.72,1622.28,6.4032,595.6465000000001,131.81580000000002,0.0084
2021-10-25,17054.95,1632.09,6.3924,545.3779999999999,8.941900000000004,-0.0031
2021-10-26,17084.11,1620.39,6.389,556.4054,8.45339999999996,-0.0105
2021-10-27,17096.01,1588.67,6.3856,557.1783,-30.423699999999997,-0.013000000000000001
2021-10-28,17005.17,1513.78,6.3957,648.4671000000001,71.7185,0.0132
2021-10-29,16967.97,1498.29,6.3907,725.6734,47.37979999999999,0.0024
2021-11-01,17012.38,1501.81,6.4192,664.7756999999999,7.111899999999935,-0.01
2021-11-02,16957.31,1481.84,6.4009,685.1094,23.650300000000016,-0.0009
2021-11-03,16927.81,1467.02,6.4079,567.6661999999999,7.314599999999928,0.011000000000000001
2021-11-04,16972.13,1456.49,6.3943,543.6159,12.053899999999999,-0.0084
2021-11-05,16872.95,1433.85,6.398,518.4522,-5.989599999999967,0.0045000000000000005
2021-11-08,16927.17,1418.56,6.3959,506.2899,-10.025199999999984,0.0059
2021-11-09,16959.21,1410.43,6.3903,449.22249999999997,-21.15639999999999,-0.0028000000000000004
2021-11-10,16979.69,1406.47,6.3948,496.4433,-118.0978,0.0118
2021-11-11,16991.2,1421.21,6.4145,557.8552999999999,86.09740000000002,0.0031
2021-11-12,16980.06,1410.32,6.4065,510.92549999999994,36.2705,-0.0028000000000000004
2021-11-15,17000.26,1388.04,6.3896,540.582,33.82420000000002,-0.004699999999999999
2021-11-16,16966.36,1373.77,6.3924,539.2941000000001,41.9931,0.0083
2021-11-17,17006.28,1369.29,6.3935,456.1334,-2.378700000000009,-0.006
2021-11-18,17019.78,1352.76,6.3803,438.83119999999997,-44.52790000000002,0.0115
2021-11-19,17003.22,1357.58,6.3825,537.4551,82.92509999999999,0.011000000000000001
2021-11-22,17112.26,1360.54,6.3952,525.7724000000001,14.35269999999997,0.0001
2021-11-23,17148.37,1348.71,6.3929,559.96,52.22679999999997,-0.0003
2021-11-24,17186.54,1334.5,6.3903,500.5644,23.696699999999993,-0.0025
2021-11-25,17212.64,1324.69,6.398,452.586,11.71550000000002,-0.003
2021-11-26,17177.7,1314.98,6.3936,451.0985,-44.88889999999998,0.0023
2021-11-29,17204.95,1306.66,6.3872,569.6650999999999,32.84219999999999,0.0009
2021-11-30,17239.23,1287.39,6.3794,754.2723,-34.10640000000001,0.0026
2021-12-01,17269.28,1261.13,6.3693,553.0283000000001,30.009300000000053,-0.0037
2021-12-02,17249.89,1210.06,6.3719,546.7222999999999,30.212499999999977,0.008
2021-12-03,17231.09,1210.57,6.3738,600.7477,92.21039999999999,-0.0086
2021-12-06,17225.54,1191.42,6.3702,577.7105,3.951400000000035,-0.0036
2021-12-07,17195.91,1177.59,6.3738,667.398,79.49460000000002,0.015300000000000001
2021-12-08,17222.21,1193.69,6.3677,607.3054,96.84760000000003,0.0086
2021-12-09,17225.26,1197.95,6.3498,765.8897999999999,216.5631,0.0001
2021-12-10,17239.65,1183.71,6.3702,839.8591,91.48360000000002,0.0054
2021-12-13,17288.02,1184.42,6.3669,691.5051,53.65639999999996,-0.0034999999999999996
2021-12-14,17309.47,1174.36,6.3675,560.4748999999999,60.259299999999996,-0.0052
2021-12-15,17327.71,1165.92,6.3716,503.6693,7.516900000000049,0.0064
2021-12-16,17328.27,1171.37,6.3637,552.5092,58.84549999999999,-0.0132
2021-12-17,17260.67,1158.79,6.3651,642.5984000000001,-65.61199999999997,-0.0152
2021-12-20,17238.38,1141.36,6.3933,580.385,-9.707600000000014,0.009899999999999999
2021-12-21,17220.1,1151.9,6.3729,484.60620000000006,-9.970099999999974,0.003
2021-12-22,17232.45,1163.57,6.3703,462.72950000000003,-17.44909999999996,0.0031
2021-12-23,17239.08,1176.53,6.3651,480.35130000000004,24.918600000000026,-0.0109
2021-12-28,17212.41,1171.36,6.3728,551.4993999999999,12.925499999999971,-0.0088
2021-12-29,17211.38,1163.36,6.3735,495.37609999999995,6.619,0.0084
2021-12-30,17213.27,1194.03,6.3674,514.4418000000001,81.41409999999999,0.006
